0,1,2,3,4,5,6,7,8,9,10,11,12,13,14,15,16,17,18,19,20,21,22,23,24,25,26,27,28,29,30,31,32,33,34,35,36,37,38,39,40,41,42,43,44
-1.683439128405708,-0.43850391155869184,-0.8397490803384212,-2.1172454168040913,-0.02101769012578214,0.2045987001229315,0.5185550398228566,-1.8202776060185226,-0.29493307013241693,-0.6851049824879971,1.0,0.0,0.0,0.0,0.0,1.0,0.0,0.0,0.0,0.0,1.0,0.0,0.0,0.0,0.0,1.0,0.0,0.0,0.0,0.0,1.0,0.0,0.0,0.0,0.0,1.0,0.0,0.0,0.0,0.0,1.0,0.0,0.0,0.0,0.0
-1.683439128405708,-0.43850391155869184,-0.8397490803384212,-2.1172454168040913,-0.02101769012578214,0.2045987001229315,0.5185550398228566,-1.8202776060185226,-0.29493307013241693,-0.6851049824879971,1.0,0.0,0.0,0.0,0.0,1.0,0.0,0.0,0.0,0.0,1.0,0.0,0.0,0.0,0.0,1.0,0.0,0.0,0.0,0.0,1.0,0.0,0.0,0.0,0.0,1.0,0.0,0.0,0.0,0.0,1.0,0.0,0.0,0.0,0.0
-0.7188028512711508,-0.24564625663014425,-0.1815478201248432,-0.6113626583476852,0.5044245630187714,1.3429929274160832,-2.394771141238803,0.7012021638506771,-0.29493307013241693,-0.9983417271190861,0.0,0.0,1.0,0.0,0.0,0.0,0.0,1.0,0.0,0.0,0.0,0.0,1.0,0.0,0.0,0.0,0.0,1.0,0.0,0.0,0.0,0.0,1.0,0.0,0.0,0.0,0.0,1.0,0.0,0.0,0.0,0.0,1.0,0.0,0.0
0.14773482140904332,0.18828346695909237,0.14755280998194586,0.18340879750430586,-0.4241752007203305,-0.03366985907796072,-0.5140162648572261,0.4777799057610003,-0.04812185789389084,-0.21524986554136352,0.0,0.0,0.0,1.0,0.0,0.0,0.0,0.0,1.0,0.0,0.0,0.0,0.0,1.0,0.0,0.0,0.0,0.0,1.0,0.0,0.0,0.0,0.0,1.0,0.0,0.0,0.0,0.0,1.0,0.0,0.0,0.0,0.0,1.0,0.0
0.0823357517728036,0.18828346695909237,0.2415815614410294,0.18340879750430586,0.5063352621211152,0.31049583754555027,-0.5140162648572261,0.4777799057610003,-0.541744282370943,-1.1549600994346305,0.0,0.0,0.0,1.0,0.0,0.0,0.0,0.0,1.0,0.0,0.0,0.0,0.0,1.0,0.0,0.0,0.0,0.0,1.0,0.0,0.0,0.0,0.0,1.0,0.0,0.0,0.0,0.0,1.0,0.0,0.0,0.0,0.0,1.0,0.0
0.14773482140904332,0.244533616313254,0.1945671857114843,-0.3185521219811608,-0.09935635332187921,0.1781244157672768,-0.5140162648572261,0.4777799057610003,-0.4183386762516799,-0.9983417271190861,0.0,0.0,0.0,1.0,0.0,0.0,0.0,0.0,1.0,0.0,0.0,0.0,0.0,1.0,0.0,0.0,0.0,0.0,1.0,0.0,0.0,0.0,0.0,1.0,0.0,0.0,0.0,0.0,1.0,0.0,0.0,0.0,0.0,1.0,0.0
1.1287208659526597,1.4820369021047775,2.5923003479180844,0.7690298702373548,0.5445492441679919,0.1781244157672768,-0.5140162648572261,0.4777799057610003,-0.4183386762516799,-0.9983417271190861,0.0,0.0,0.0,1.0,0.0,0.0,0.0,0.0,1.0,0.0,0.0,0.0,0.0,1.0,0.0,0.0,0.0,0.0,1.0,0.0,0.0,0.0,0.0,1.0,0.0,0.0,0.0,0.0,1.0,0.0,0.0,0.0,0.0,1.0,0.0
1.1287208659526597,1.4820369021047775,2.5923003479180844,0.7690298702373548,0.7547261454258133,0.1781244157672768,-0.5140162648572261,0.4777799057610003,-0.4183386762516799,-0.9983417271190861,0.0,0.0,0.0,0.0,1.0,0.0,0.0,0.0,0.0,1.0,0.0,0.0,0.0,0.0,1.0,0.0,0.0,0.0,0.0,1.0,0.0,0.0,0.0,0.0,1.0,0.0,0.0,0.0,0.0,1.0,0.0,0.0,0.0,0.0,1.0
1.1287208659526597,1.4820369021047775,2.5923003479180844,0.8526900234849311,1.0069384269351989,0.9723529464369175,-0.7352815444315295,0.4777799057610003,-0.46770091869938496,-1.311578471750175,0.0,0.0,0.0,1.0,0.0,0.0,0.0,0.0,1.0,0.0,0.0,0.0,0.0,1.0,0.0,0.0,0.0,0.0,1.0,0.0,0.0,0.0,0.0,1.0,0.0,0.0,0.0,0.0,1.0,0.0,0.0,0.0,0.0,1.0,0.0
0.3766315651358881,0.20435493820313955,-0.5106484502316322,0.18340879750430586,-0.3133546527843883,-0.060144143433615405,0.6291876796100074,-1.4372680207219364,-0.3442953125801219,-0.37186823785690803,0.0,0.0,0.0,1.0,0.0,0.0,0.0,0.0,1.0,0.0,0.0,0.0,0.0,1.0,0.0,0.0,0.0,0.0,1.0,0.0,0.0,0.0,0.0,1.0,0.0,0.0,0.0,0.0,1.0,0.0,0.0,0.0,0.0,1.0,0.0
0.3766315651358881,0.20435493820313955,-0.5106484502316322,0.18340879750430586,-0.3133546527843883,-0.060144143433615405,0.6291876796100074,-1.4372680207219364,-0.3442953125801219,-0.37186823785690803,0.0,0.0,0.0,1.0,0.0,0.0,0.0,0.0,1.0,0.0,0.0,0.0,0.0,1.0,0.0,0.0,0.0,0.0,1.0,0.0,0.0,0.0,0.0,1.0,0.0,0.0,0.0,0.0,1.0,0.0,0.0,0.0,0.0,1.0,0.0
0.3766315651358881,0.20435493820313955,-0.5106484502316322,0.18340879750430586,0.28851556445391846,0.4693415436794784,-0.07148570570861922,-0.19248686850802735,-0.29493307013241693,-0.6851049824879971,0.0,0.0,0.0,1.0,0.0,0.0,0.0,0.0,1.0,0.0,0.0,0.0,0.0,1.0,0.0,0.0,0.0,0.0,1.0,0.0,0.0,0.0,0.0,1.0,0.0,0.0,0.0,0.0,1.0,0.0,0.0,0.0,0.0,1.0,0.0
0.3766315651358881,0.20435493820313955,-0.5106484502316322,0.18340879750430586,0.39360401508282916,0.4693415436794784,-0.07148570570861922,-0.19248686850802735,-0.29493307013241693,-0.6851049824879971,0.0,0.0,0.0,1.0,0.0,0.0,0.0,0.0,1.0,0.0,0.0,0.0,0.0,1.0,0.0,0.0,0.0,0.0,1.0,0.0,0.0,0.0,0.0,1.0,0.0,0.0,0.0,0.0,1.0,0.0,0.0,0.0,0.0,1.0,0.0
0.752676215544274,1.1847146840899314,0.4766534400887349,0.7690298702373548,0.9477067547625402,0.4693415436794784,-0.07148570570861922,-0.19248686850802735,-0.29493307013241693,-0.8417233548035415,0.0,0.0,0.0,1.0,0.0,0.0,0.0,0.0,1.0,0.0,0.0,0.0,0.0,1.0,0.0,0.0,0.0,0.0,1.0,0.0,0.0,0.0,0.0,1.0,0.0,0.0,0.0,0.0,1.0,0.0,0.0,0.0,0.0,1.0,0.0
0.752676215544274,1.1847146840899314,0.4766534400887349,0.7690298702373548,1.2820790976727106,2.0842728893744145,1.0717182387586144,0.4458624403196187,-0.541744282370943,-1.4681968440657196,0.0,0.0,0.0,1.0,0.0,0.0,0.0,0.0,1.0,0.0,0.0,0.0,0.0,1.0,0.0,0.0,0.0,0.0,1.0,0.0,0.0,0.0,0.0,1.0,0.0,0.0,0.0,0.0,1.0,0.0,0.0,0.0,0.0,1.0,0.0
0.752676215544274,1.5704299939470312,0.9467971973841459,-0.06757166223842598,1.5686839630242853,2.0842728893744145,1.0717182387586144,0.4458624403196187,-0.541744282370943,-1.4681968440657196,0.0,0.0,0.0,1.0,0.0,0.0,0.0,0.0,1.0,0.0,0.0,0.0,0.0,1.0,0.0,0.0,0.0,0.0,1.0,0.0,0.0,0.0,0.0,1.0,0.0,0.0,0.0,0.0,1.0,0.0,0.0,0.0,0.0,1.0,0.0
1.8154110971331918,1.8275735338517627,2.357228469270379,1.0200103299800867,1.807521350817264,2.0842728893744145,1.0717182387586144,0.4458624403196187,-0.541744282370943,-1.6248152163812641,0.0,0.0,0.0,1.0,0.0,0.0,0.0,0.0,1.0,0.0,0.0,0.0,0.0,1.0,0.0,0.0,0.0,0.0,1.0,0.0,0.0,0.0,0.0,1.0,0.0,0.0,0.0,0.0,1.0,0.0,0.0,0.0,0.0,1.0,0.0
-1.7161386632238267,-2.6644026788590343,-2.6262953580609816,-0.27672204535737116,-2.046358738610243,-1.463281214283314,-1.546587569537307,-0.7031663155701442,-0.17152746401315389,3.38697269771616,0.0,0.0,1.0,0.0,0.0,0.0,0.0,1.0,0.0,0.0,0.0,0.0,1.0,0.0,0.0,0.0,0.0,1.0,0.0,0.0,0.0,0.0,1.0,0.0,0.0,0.0,0.0,1.0,0.0,0.0,0.0,0.0,1.0,0.0,0.0
-0.7188028512711508,-1.4751138067996454,-1.0748209589861235,-0.7786829648428408,-1.3088288851055243,-0.8808469584589108,-1.104057010388702,-0.44782659203908576,-0.14684634278930137,1.9774073468762596,0.0,0.0,1.0,0.0,0.0,0.0,0.0,1.0,0.0,0.0,0.0,0.0,1.0,0.0,0.0,0.0,0.0,1.0,0.0,0.0,0.0,0.0,1.0,0.0,0.0,0.0,0.0,1.0,0.0,0.0,0.0,0.0,1.0,0.0,0.0
-0.7188028512711508,-1.242077473760981,-1.0748209589861235,-0.7786829648428408,-1.2419544165234901,-0.8808469584589108,-1.104057010388702,-0.44782659203908576,-0.14684634278930137,1.9774073468762596,0.0,0.0,0.0,1.0,0.0,0.0,0.0,0.0,1.0,0.0,0.0,0.0,0.0,1.0,0.0,0.0,0.0,0.0,1.0,0.0,0.0,0.0,0.0,1.0,0.0,0.0,0.0,0.0,1.0,0.0,0.0,0.0,0.0,1.0,0.0
-0.8496009905436326,-1.3626135080913244,-0.9807922075270432,-1.2806438843283103,-1.3050074869008366,-0.9337955271702202,-1.3253222899630037,-0.06481700674249814,-0.19374047311462117,1.820788974560715,0.0,0.0,1.0,0.0,0.0,0.0,0.0,1.0,0.0,0.0,0.0,0.0,1.0,0.0,0.0,0.0,0.0,1.0,0.0,0.0,0.0,0.0,1.0,0.0,0.0,0.0,0.0,1.0,0.0,0.0,0.0,0.0,1.0,0.0,0.0
-0.8496009905436326,-1.3626135080913244,-0.9807922075270432,-1.2806438843283103,-1.3050074869008366,-0.9337955271702202,-1.3253222899630037,-0.06481700674249814,-0.1962085852370064,0.8810787406674481,0.0,0.0,1.0,0.0,0.0,0.0,0.0,1.0,0.0,0.0,0.0,0.0,1.0,0.0,0.0,0.0,0.0,1.0,0.0,0.0,0.0,0.0,1.0,0.0,0.0,0.0,0.0,1.0,0.0,0.0,0.0,0.0,1.0,0.0,0.0
-0.8496009905436326,-1.3626135080913244,-0.9807922075270432,-1.2806438843283103,-0.8235113131101912,-0.03366985907796072,-1.104057010388702,0.4458624403196187,-0.6404687672663535,-0.21524986554136352,0.0,0.0,1.0,0.0,0.0,0.0,0.0,1.0,0.0,0.0,0.0,0.0,1.0,0.0,0.0,0.0,0.0,1.0,0.0,0.0,0.0,0.0,1.0,0.0,0.0,0.0,0.0,1.0,0.0,0.0,0.0,0.0,1.0,0.0,0.0
-0.8496009905436326,-1.3626135080913244,-0.9807922075270432,-1.3643040375758868,-1.131133868587548,-0.9337955271702202,-1.3253222899630037,-0.06481700674249814,-0.1962085852370064,0.8810787406674481,0.0,0.0,1.0,0.0,0.0,0.0,0.0,1.0,0.0,0.0,0.0,0.0,1.0,0.0,0.0,0.0,0.0,1.0,0.0,0.0,0.0,0.0,1.0,0.0,0.0,0.0,0.0,1.0,0.0,0.0,0.0,0.0,1.0,0.0,0.0
-0.8496009905436326,-1.3626135080913244,-0.9807922075270432,-1.3643040375758868,-1.0890984883359838,-0.9337955271702202,-1.3253222899630037,-0.06481700674249814,-0.1962085852370064,0.8810787406674481,0.0,0.0,0.0,1.0,0.0,0.0,0.0,0.0,1.0,0.0,0.0,0.0,0.0,1.0,0.0,0.0,0.0,0.0,1.0,0.0,0.0,0.0,0.0,1.0,0.0,0.0,0.0,0.0,1.0,0.0,0.0,0.0,0.0,1.0,0.0
-0.8496009905436326,-1.3626135080913244,-0.9807922075270432,-1.3643040375758868,-1.0890984883359838,-0.9337955271702202,-1.3253222899630037,-0.06481700674249814,-0.1962085852370064,0.8810787406674481,0.0,0.0,0.0,1.0,0.0,0.0,0.0,0.0,1.0,0.0,0.0,0.0,0.0,1.0,0.0,0.0,0.0,0.0,1.0,0.0,0.0,0.0,0.0,1.0,0.0,0.0,0.0,0.0,1.0,0.0,0.0,0.0,0.0,1.0,0.0
-0.8496009905436326,-1.3626135080913244,-0.9807922075270432,-1.3643040375758868,-0.7031372696625298,-0.03366985907796072,-1.104057010388702,0.4458624403196187,-0.6404687672663535,-0.21524986554136352,0.0,0.0,0.0,1.0,0.0,0.0,0.0,0.0,1.0,0.0,0.0,0.0,0.0,1.0,0.0,0.0,0.0,0.0,1.0,0.0,0.0,0.0,0.0,1.0,0.0,0.0,0.0,0.0,1.0,0.0,0.0,0.0,0.0,1.0,0.0
0.719976680726153,0.02756875451863454,-0.6046772016907158,2.4840630118127027,-0.04585677845625195,-0.4043098400571264,0.039146934078531676,0.6692846984092942,-0.4183386762516799,-0.21524986554136352,0.0,0.0,0.0,0.0,1.0,0.0,0.0,0.0,0.0,1.0,0.0,0.0,0.0,0.0,1.0,0.0,0.0,0.0,0.0,1.0,0.0,0.0,0.0,0.0,1.0,0.0,0.0,0.0,0.0,1.0,0.0,0.0,0.0,0.0,1.0
-0.489906107544306,-0.0849315441896864,0.1945671857114843,-1.5316243440710422,0.4814961737906454,1.104724368215191,0.9979631455671799,2.073653177830114,-0.788555494609469,-0.9983417271190861,0.0,0.0,1.0,0.0,0.0,0.0,0.0,1.0,0.0,0.0,0.0,0.0,1.0,0.0,0.0,0.0,0.0,1.0,0.0,0.0,0.0,0.0,1.0,0.0,0.0,0.0,0.0,1.0,0.0,0.0,0.0,0.0,1.0,0.0,0.0
-2.0104344765869135,-2.383151932088233,-0.9337778317975015,-1.2806438843283103,-1.616451440582881,-1.1985383707267672,-1.546587569537307,0.5096973712023833,-0.14684634278930137,3.700209442347249,0.0,0.0,1.0,0.0,0.0,0.0,0.0,1.0,0.0,0.0,0.0,0.0,1.0,0.0,0.0,0.0,0.0,1.0,0.0,0.0,0.0,0.0,1.0,0.0,0.0,0.0,0.0,1.0,0.0,0.0,0.0,0.0,1.0,0.0,0.0
-2.0104344765869135,-2.383151932088233,-0.9337778317975015,-1.2806438843283103,-1.413917335734435,-0.7220012523249827,-1.546587569537307,0.5096973712023833,-0.24557082768471186,0.8810787406674481,0.0,0.0,1.0,0.0,0.0,0.0,0.0,1.0,0.0,0.0,0.0,0.0,1.0,0.0,0.0,0.0,0.0,1.0,0.0,0.0,0.0,0.0,1.0,0.0,0.0,0.0,0.0,1.0,0.0,0.0,0.0,0.0,1.0,0.0,0.0
-0.8496009905436326,-1.9492222084989965,-0.8867634560679597,-0.527702505100106,-1.379524751892246,-1.1455898020154578,-1.546587569537307,-0.575496453804615,-0.023440736670038324,1.9774073468762596,0.0,0.0,1.0,0.0,0.0,0.0,0.0,1.0,0.0,0.0,0.0,0.0,1.0,0.0,0.0,0.0,0.0,1.0,0.0,0.0,0.0,0.0,1.0,0.0,0.0,0.0,0.0,1.0,0.0,0.0,0.0,0.0,1.0,0.0,0.0
-0.8496009905436326,-1.9492222084989965,-0.8867634560679597,-0.527702505100106,-1.1827227443508315,-0.7220012523249827,-1.546587569537307,0.5096973712023833,-0.24557082768471186,0.7244603683519035,0.0,0.0,1.0,0.0,0.0,0.0,0.0,1.0,0.0,0.0,0.0,0.0,1.0,0.0,0.0,0.0,0.0,1.0,0.0,0.0,0.0,0.0,1.0,0.0,0.0,0.0,0.0,1.0,0.0,0.0,0.0,0.0,1.0,0.0,0.0
-0.8496009905436326,-1.9492222084989965,-0.8867634560679597,-0.527702505100106,-1.1521515587133302,-0.7220012523249827,-1.546587569537307,0.5096973712023833,-0.24557082768471186,0.7244603683519035,0.0,0.0,1.0,0.0,0.0,0.0,0.0,1.0,0.0,0.0,0.0,0.0,1.0,0.0,0.0,0.0,0.0,1.0,0.0,0.0,0.0,0.0,1.0,0.0,0.0,0.0,0.0,1.0,0.0,0.0,0.0,0.0,1.0,0.0,0.0
-0.39180750308994533,-0.8724336351479285,-0.8867634560679597,0.26706895075188514,-1.0489738071867631,-0.7220012523249827,-1.546587569537307,0.5096973712023833,-0.24557082768471186,0.7244603683519035,0.0,0.0,0.0,1.0,0.0,0.0,0.0,0.0,1.0,0.0,0.0,0.0,0.0,1.0,0.0,0.0,0.0,0.0,1.0,0.0,0.0,0.0,0.0,1.0,0.0,0.0,0.0,0.0,1.0,0.0,0.0,0.0,0.0,1.0,0.0
-0.39180750308994533,-1.3786849793353715,-0.9337778317975015,1.8566118624558674,-1.0222240197539496,-0.7220012523249827,-1.5097100229415907,0.5096973712023833,-0.24557082768471186,0.7244603683519035,0.0,0.0,0.0,0.0,1.0,0.0,0.0,0.0,0.0,1.0,0.0,0.0,0.0,0.0,1.0,0.0,0.0,0.0,0.0,1.0,0.0,0.0,0.0,0.0,1.0,0.0,0.0,0.0,0.0,1.0,0.0,0.0,0.0,0.0,1.0
-0.39180750308994533,-0.5429684746449903,-0.32259094731346516,-0.2348919687335845,-0.6171558100570574,-0.45725840876843576,-0.661526451240095,1.0522942837058817,-0.29493307013241693,0.25460525140527,0.0,0.0,1.0,0.0,0.0,0.0,0.0,1.0,0.0,0.0,0.0,0.0,1.0,0.0,0.0,0.0,0.0,1.0,0.0,0.0,0.0,0.0,1.0,0.0,0.0,0.0,0.0,1.0,0.0,0.0,0.0,0.0,1.0,0.0,0.0
-0.39180750308994533,-0.5429684746449903,-0.32259094731346516,-0.2348919687335845,-0.5158887576328344,-0.45725840876843576,-0.661526451240095,1.0522942837058817,-0.29493307013241693,0.25460525140527,0.0,0.0,1.0,0.0,0.0,0.0,0.0,1.0,0.0,0.0,0.0,0.0,1.0,0.0,0.0,0.0,0.0,1.0,0.0,0.0,0.0,0.0,1.0,0.0,0.0,0.0,0.0,1.0,0.0,0.0,0.0,0.0,1.0,0.0,0.0
-0.39180750308994533,0.09185463949481859,-0.32259094731346516,0.09974864425672958,-0.4872282710976769,-0.45725840876843576,-0.661526451240095,1.0522942837058817,-0.29493307013241693,0.25460525140527,0.0,0.0,0.0,1.0,0.0,0.0,0.0,0.0,1.0,0.0,0.0,0.0,0.0,1.0,0.0,0.0,0.0,0.0,1.0,0.0,0.0,0.0,0.0,1.0,0.0,0.0,0.0,0.0,1.0,0.0,0.0,0.0,0.0,1.0,0.0
-0.39180750308994533,0.09185463949481859,-1.5919790920110761,0.09974864425672958,-0.3573007321382964,-0.45725840876843576,-0.661526451240095,1.0522942837058817,-0.29493307013241693,0.25460525140527,0.0,0.0,0.0,1.0,0.0,0.0,0.0,0.0,1.0,0.0,0.0,0.0,0.0,1.0,0.0,0.0,0.0,0.0,1.0,0.0,0.0,0.0,0.0,1.0,0.0,0.0,0.0,0.0,1.0,0.0,0.0,0.0,0.0,1.0,0.0
-0.39180750308994533,0.09185463949481859,-0.32259094731346516,0.09974864425672958,-0.17960571562032013,-0.060144143433615405,-0.661526451240095,1.0522942837058817,-0.29493307013241693,-0.21524986554136352,0.0,0.0,0.0,1.0,0.0,0.0,0.0,0.0,1.0,0.0,0.0,0.0,0.0,1.0,0.0,0.0,0.0,0.0,1.0,0.0,0.0,0.0,0.0,1.0,0.0,0.0,0.0,0.0,1.0,0.0,0.0,0.0,0.0,1.0,0.0
-0.39180750308994533,-0.4143967046926245,0.05352405852286232,-1.1969837310807312,-0.508245961223459,-0.08661842778927009,-0.661526451240095,1.0522942837058817,-0.2702519489085644,-0.058631493225819016,0.0,0.0,0.0,1.0,0.0,0.0,0.0,0.0,1.0,0.0,0.0,0.0,0.0,1.0,0.0,0.0,0.0,0.0,1.0,0.0,0.0,0.0,0.0,1.0,0.0,0.0,0.0,0.0,1.0,0.0,0.0,0.0,0.0,1.0,0.0
-0.7515023860892718,-0.2858249347402587,-1.9210797221178653,-0.15123181548600523,-0.4241752007203305,-0.6690526836136733,-0.07148570570861922,-0.06481700674249814,-0.4183386762516799,-0.21524986554136352,0.0,0.0,0.0,1.0,0.0,0.0,0.0,0.0,1.0,0.0,0.0,0.0,0.0,1.0,0.0,0.0,0.0,0.0,1.0,0.0,0.0,0.0,0.0,1.0,0.0,0.0,0.0,0.0,1.0,0.0,0.0,0.0,0.0,1.0,0.0
-0.47355634013524667,-0.1331459579218233,-0.32259094731346516,-1.0296634245855756,0.33437234291017043,-0.351361271345817,0.37104485343998767,-0.06481700674249814,-0.24557082768471186,-0.21524986554136352,0.0,0.0,1.0,0.0,0.0,0.0,0.0,1.0,0.0,0.0,0.0,0.0,1.0,0.0,0.0,0.0,0.0,1.0,0.0,0.0,0.0,0.0,1.0,0.0,0.0,0.0,0.0,1.0,0.0,0.0,0.0,0.0,1.0,0.0,0.0
2.305904119405,2.0365026600243574,1.7460415847863393,-0.44404235185252966,2.8794235472321534,1.9254271832404863,1.1085957853543307,2.9354247447474355,-0.5170631611470905,-1.6248152163812641,0.0,0.0,0.0,1.0,0.0,0.0,0.0,0.0,1.0,0.0,0.0,0.0,0.0,1.0,0.0,0.0,0.0,0.0,1.0,0.0,0.0,0.0,0.0,1.0,0.0,0.0,0.0,0.0,1.0,0.0,0.0,0.0,0.0,1.0,0.0
2.305904119405,2.0365026600243574,1.7460415847863393,-0.44404235185252966,2.8794235472321534,1.9254271832404863,1.1085957853543307,2.9354247447474355,-0.5170631611470905,-1.6248152163812641,0.0,0.0,0.0,1.0,0.0,0.0,0.0,0.0,1.0,0.0,0.0,0.0,0.0,1.0,0.0,0.0,0.0,0.0,1.0,0.0,0.0,0.0,0.0,1.0,0.0,0.0,0.0,0.0,1.0,0.0,0.0,0.0,0.0,1.0,0.0
0.5074297044083699,1.4016795458845486,2.2161853420817503,-2.5355461830419816,2.657782451360269,4.202215637826789,0.7766978659928765,-1.5649378824874658,0.32209496046389824,-1.9380519610123532,0.0,0.0,0.0,1.0,0.0,0.0,0.0,0.0,1.0,0.0,0.0,0.0,0.0,1.0,0.0,0.0,0.0,0.0,1.0,0.0,0.0,0.0,0.0,1.0,0.0,0.0,0.0,0.0,1.0,0.0,0.0,0.0,0.0,1.0,0.0
-0.9476995949979956,-1.2179702668949137,-0.7927347046088762,0.09974864425672958,-1.278257699468023,-0.9337955271702202,-1.104057010388702,-0.32015673027355657,-0.29493307013241693,0.7244603683519035,0.0,0.0,1.0,0.0,0.0,0.0,0.0,1.0,0.0,0.0,0.0,0.0,1.0,0.0,0.0,0.0,0.0,1.0,0.0,0.0,0.0,0.0,1.0,0.0,0.0,0.0,0.0,1.0,0.0,0.0,0.0,0.0,1.0,0.0,0.0
-0.9476995949979956,-1.2179702668949137,-0.7927347046088762,0.09974864425672958,-1.2591507084445845,-0.9337955271702202,-1.104057010388702,-0.32015673027355657,-0.29493307013241693,0.8810787406674481,0.0,0.0,1.0,0.0,0.0,0.0,0.0,1.0,0.0,0.0,0.0,0.0,1.0,0.0,0.0,0.0,0.0,1.0,0.0,0.0,0.0,0.0,1.0,0.0,0.0,0.0,0.0,1.0,0.0,0.0,0.0,0.0,1.0,0.0,0.0
-0.9476995949979956,-1.2179702668949137,-0.7927347046088762,0.09974864425672958,-1.2495972129328654,-0.9337955271702202,-1.104057010388702,-0.32015673027355657,-0.29493307013241693,0.8810787406674481,0.0,0.0,1.0,0.0,0.0,0.0,0.0,1.0,0.0,0.0,0.0,0.0,1.0,0.0,0.0,0.0,0.0,1.0,0.0,0.0,0.0,0.0,1.0,0.0,0.0,0.0,0.0,1.0,0.0,0.0,0.0,0.0,1.0,0.0,0.0
-0.9476995949979956,-0.5992186239991497,-0.7927347046088762,0.09974864425672958,-1.1731692488391123,-0.9337955271702202,-1.104057010388702,-0.32015673027355657,-0.29493307013241693,0.8810787406674481,0.0,0.0,0.0,1.0,0.0,0.0,0.0,0.0,1.0,0.0,0.0,0.0,0.0,1.0,0.0,0.0,0.0,0.0,1.0,0.0,0.0,0.0,0.0,1.0,0.0,0.0,0.0,0.0,1.0,0.0,0.0,0.0,0.0,1.0,0.0
-0.9476995949979956,-0.5992186239991497,-0.7927347046088762,0.09974864425672958,-1.163615753327393,-0.9337955271702202,-0.9196692774101148,-0.32015673027355657,-0.29493307013241693,0.8810787406674481,0.0,0.0,0.0,1.0,0.0,0.0,0.0,0.0,1.0,0.0,0.0,0.0,0.0,1.0,0.0,0.0,0.0,0.0,1.0,0.0,0.0,0.0,0.0,1.0,0.0,0.0,0.0,0.0,1.0,0.0,0.0,0.0,0.0,1.0,0.0
-0.01576285268155944,0.28471229442336843,0.2885959371705678,-0.06757166223842598,-0.3324616438078266,-0.5102069774797452,0.2235346670571187,0.4458624403196187,-0.3936575550278274,0.09798687908972549,0.0,0.0,1.0,0.0,0.0,0.0,0.0,1.0,0.0,0.0,0.0,0.0,1.0,0.0,0.0,0.0,0.0,1.0,0.0,0.0,0.0,0.0,1.0,0.0,0.0,0.0,0.0,1.0,0.0,0.0,0.0,0.0,1.0,0.0,0.0
-0.01576285268155944,0.28471229442336843,0.2885959371705678,0.6853697169897756,-0.28469416624923083,-0.5102069774797452,0.2235346670571187,0.4458624403196187,-0.3936575550278274,0.09798687908972549,0.0,0.0,0.0,1.0,0.0,0.0,0.0,0.0,1.0,0.0,0.0,0.0,0.0,1.0,0.0,0.0,0.0,0.0,1.0,0.0,0.0,0.0,0.0,1.0,0.0,0.0,0.0,0.0,1.0,0.0,0.0,0.0,0.0,1.0,0.0
-0.01576285268155944,0.28471229442336843,0.2885959371705678,-0.06757166223842598,-0.3324616438078266,-0.5102069774797452,0.2235346670571187,0.4458624403196187,-0.3936575550278274,0.09798687908972549,0.0,0.0,1.0,0.0,0.0,0.0,0.0,1.0,0.0,0.0,0.0,0.0,1.0,0.0,0.0,0.0,0.0,1.0,0.0,0.0,0.0,0.0,1.0,0.0,0.0,0.0,0.0,1.0,0.0,0.0,0.0,0.0,1.0,0.0,0.0
-0.01576285268155944,0.28471229442336843,0.2885959371705678,0.6853697169897756,-0.28469416624923083,-0.5102069774797452,0.2235346670571187,0.4458624403196187,-0.3936575550278274,0.09798687908972549,0.0,0.0,0.0,1.0,0.0,0.0,0.0,0.0,1.0,0.0,0.0,0.0,0.0,1.0,0.0,0.0,0.0,0.0,1.0,0.0,0.0,0.0,0.0,1.0,0.0,0.0,0.0,0.0,1.0,0.0,0.0,0.0,0.0,1.0,0.0
-0.01576285268155944,0.28471229442336843,0.2885959371705678,0.6853697169897756,-0.2216410958718844,-1.039692664592839,0.2235346670571187,0.4458624403196187,3.08638053753539,1.6641706022451705,0.0,0.0,0.0,1.0,0.0,0.0,0.0,0.0,1.0,0.0,0.0,0.0,0.0,1.0,0.0,0.0,0.0,0.0,1.0,0.0,0.0,0.0,0.0,1.0,0.0,0.0,0.0,0.0,1.0,0.0,0.0,0.0,0.0,1.0,0.0
-0.01576285268155944,0.28471229442336843,0.2885959371705678,0.6853697169897756,-0.25603367971407337,-0.5102069774797452,0.2235346670571187,0.4458624403196187,-0.3936575550278274,0.09798687908972549,0.0,0.0,1.0,0.0,0.0,0.0,0.0,1.0,0.0,0.0,0.0,0.0,1.0,0.0,0.0,0.0,0.0,1.0,0.0,0.0,0.0,0.0,1.0,0.0,0.0,0.0,0.0,1.0,0.0,0.0,0.0,0.0,1.0,0.0,0.0
0.9815729592711188,0.059711697006726565,0.10053843425240075,0.2252388741280955,0.21208760036016525,0.4428672593238237,1.588003891098654,-0.28823926483217355,-0.541744282370943,-0.9983417271190861,0.0,0.0,0.0,1.0,0.0,0.0,0.0,0.0,1.0,0.0,0.0,0.0,0.0,1.0,0.0,0.0,0.0,0.0,1.0,0.0,0.0,0.0,0.0,1.0,0.0,0.0,0.0,0.0,1.0,0.0,0.0,0.0,0.0,1.0,0.0
0.9815729592711188,0.059711697006726565,0.10053843425240075,0.2252388741280955,0.2694085734304802,-0.8278983897476014,0.37104485343998767,1.2437990763541755,2.913612688968422,0.8810787406674481,0.0,0.0,0.0,1.0,0.0,0.0,0.0,0.0,1.0,0.0,0.0,0.0,0.0,1.0,0.0,0.0,0.0,0.0,1.0,0.0,0.0,0.0,0.0,1.0,0.0,0.0,0.0,0.0,1.0,0.0,0.0,0.0,0.0,1.0,0.0
1.8154110971331918,1.3373936609083668,2.0751422148931282,1.1036704832276658,1.8266283418407026,0.5222901123907878,0.9242080523757454,1.2437990763541755,2.7902070828491587,-0.5284866101724526,0.0,0.0,0.0,1.0,0.0,0.0,0.0,0.0,1.0,0.0,0.0,0.0,0.0,1.0,0.0,0.0,0.0,0.0,1.0,0.0,0.0,0.0,0.0,1.0,0.0,0.0,0.0,0.0,1.0,0.0,0.0,0.0,0.0,1.0,0.0
1.8154110971331918,1.3373936609083668,2.0751422148931282,2.023932168951026,2.2756426308915025,0.5222901123907878,0.9242080523757454,1.2437990763541755,2.7902070828491587,-0.5284866101724526,0.0,0.0,0.0,0.0,1.0,0.0,0.0,0.0,0.0,1.0,0.0,0.0,0.0,0.0,1.0,0.0,0.0,0.0,0.0,1.0,0.0,0.0,0.0,0.0,1.0,0.0,0.0,0.0,0.0,1.0,0.0,0.0,0.0,0.0,1.0
1.2758687726342033,1.064178649759588,2.0751422148931282,0.4343892572470407,1.7884143597938258,0.5222901123907878,0.9242080523757454,1.2437990763541755,2.7902070828491587,-0.5284866101724526,0.0,1.0,0.0,0.0,0.0,0.0,1.0,0.0,0.0,0.0,0.0,1.0,0.0,0.0,0.0,0.0,1.0,0.0,0.0,0.0,0.0,1.0,0.0,0.0,0.0,0.0,1.0,0.0,0.0,0.0,0.0,1.0,0.0,0.0,0.0
2.7309980720405664,2.2775747286850443,2.7333434751067065,1.0200103299800867,2.3138566129383795,0.5222901123907878,0.9242080523757454,1.2437990763541755,2.7902070828491587,-0.5284866101724526,0.0,0.0,0.0,1.0,0.0,0.0,0.0,0.0,1.0,0.0,0.0,0.0,0.0,1.0,0.0,0.0,0.0,0.0,1.0,0.0,0.0,0.0,0.0,1.0,0.0,0.0,0.0,0.0,1.0,0.0,0.0,0.0,0.0,1.0,0.0
2.7309980720405664,2.2775747286850443,2.7333434751067065,1.1036704832276658,2.2565356398680643,1.369467211771738,0.48167749322713854,-0.4797440574804674,-0.46770091869938496,-1.4681968440657196,0.0,0.0,0.0,1.0,0.0,0.0,0.0,0.0,1.0,0.0,0.0,0.0,0.0,1.0,0.0,0.0,0.0,0.0,1.0,0.0,0.0,0.0,0.0,1.0,0.0,0.0,0.0,0.0,1.0,0.0,0.0,0.0,0.0,1.0,0.0
-0.375457735680886,0.48560568497394074,2.169170966352212,-1.2806438843283103,2.151447189239154,1.369467211771738,0.48167749322713854,-0.4797440574804674,-0.46770091869938496,-1.4681968440657196,1.0,0.0,0.0,0.0,0.0,1.0,0.0,0.0,0.0,0.0,1.0,0.0,0.0,0.0,0.0,1.0,0.0,0.0,0.0,0.0,1.0,0.0,0.0,0.0,0.0,1.0,0.0,0.0,0.0,0.0,1.0,0.0,0.0,0.0,0.0
3.5975357447207625,2.7195401878963033,2.7333434751067065,1.1873306364752452,2.5622474962430775,2.137221458085724,1.735514077481523,0.3181925785540895,-0.541744282370943,-1.7814335886968087,0.0,0.0,0.0,1.0,0.0,0.0,0.0,0.0,1.0,0.0,0.0,0.0,0.0,1.0,0.0,0.0,0.0,0.0,1.0,0.0,0.0,0.0,0.0,1.0,0.0,0.0,0.0,0.0,1.0,0.0,0.0,0.0,0.0,1.0,0.0
2.142406445314397,2.0043597175362655,2.874386602295328,0.6435396403659859,2.2087681623094686,2.137221458085724,1.735514077481523,0.3181925785540895,-0.541744282370943,-1.7814335886968087,0.0,1.0,0.0,0.0,0.0,0.0,1.0,0.0,0.0,0.0,0.0,1.0,0.0,0.0,0.0,0.0,1.0,0.0,0.0,0.0,0.0,1.0,0.0,0.0,0.0,0.0,1.0,0.0,0.0,0.0,0.0,1.0,0.0,0.0,0.0
0.6218780762717923,0.33292670815550535,0.9938115731136843,0.39255918062325107,0.6706553849226847,1.8989528988848317,1.6617589842900886,-0.4159091265977028,-0.541744282370943,-0.9983417271190861,0.0,0.0,1.0,0.0,0.0,0.0,0.0,1.0,0.0,0.0,0.0,0.0,1.0,0.0,0.0,0.0,0.0,1.0,0.0,0.0,0.0,0.0,1.0,0.0,0.0,0.0,0.0,1.0,0.0,0.0,0.0,0.0,1.0,0.0,0.0
-0.8496009905436326,-1.3626135080913244,-0.6987059531497927,-1.2806438843283103,-1.2247581246023957,-0.9337955271702202,-1.3253222899630037,-0.06481700674249814,-0.1962085852370064,1.820788974560715,0.0,0.0,1.0,0.0,0.0,0.0,0.0,1.0,0.0,0.0,0.0,0.0,1.0,0.0,0.0,0.0,0.0,1.0,0.0,0.0,0.0,0.0,1.0,0.0,0.0,0.0,0.0,1.0,0.0,0.0,0.0,0.0,1.0,0.0,0.0
-0.8496009905436326,-1.3626135080913244,-0.6987059531497927,-1.2806438843283103,-1.175079947941456,-0.9337955271702202,-1.3253222899630037,-0.06481700674249814,-0.1962085852370064,0.8810787406674481,0.0,0.0,1.0,0.0,0.0,0.0,0.0,1.0,0.0,0.0,0.0,0.0,1.0,0.0,0.0,0.0,0.0,1.0,0.0,0.0,0.0,0.0,1.0,0.0,0.0,0.0,0.0,1.0,0.0,0.0,0.0,0.0,1.0,0.0,0.0
-0.8496009905436326,-1.3626135080913244,-0.6987059531497927,-1.2806438843283103,-1.0604380018008261,-0.9337955271702202,-1.3253222899630037,-0.06481700674249814,-0.1962085852370064,0.8810787406674481,0.0,0.0,1.0,0.0,0.0,0.0,0.0,1.0,0.0,0.0,0.0,0.0,1.0,0.0,0.0,0.0,0.0,1.0,0.0,0.0,0.0,0.0,1.0,0.0,0.0,0.0,0.0,1.0,0.0,0.0,0.0,0.0,1.0,0.0,0.0
-0.964049362407055,-1.3626135080913244,-0.9807922075270432,-1.2806438843283103,-0.7910294283703461,-0.03366985907796072,-1.104057010388702,0.4458624403196187,-0.6404687672663535,-0.21524986554136352,0.0,0.0,1.0,0.0,0.0,0.0,0.0,1.0,0.0,0.0,0.0,0.0,1.0,0.0,0.0,0.0,0.0,1.0,0.0,0.0,0.0,0.0,1.0,0.0,0.0,0.0,0.0,1.0,0.0,0.0,0.0,0.0,1.0,0.0,0.0
-0.4245070379080663,-0.10100301543373127,-0.22856219585438162,-1.8662649570613563,-0.36112213034298407,0.33697012190120496,-0.5877713580486605,0.6692846984092942,-0.665149888490206,-0.37186823785690803,0.0,0.0,1.0,0.0,0.0,0.0,0.0,1.0,0.0,0.0,0.0,0.0,1.0,0.0,0.0,0.0,0.0,1.0,0.0,0.0,0.0,0.0,1.0,0.0,0.0,0.0,0.0,1.0,0.0,0.0,0.0,0.0,1.0,0.0,0.0
-0.4245070379080663,-0.10100301543373127,-0.22856219585438162,-1.8662649570613563,-0.44137149264142495,-0.4043098400571264,0.07602448067424973,0.6692846984092942,-0.4183386762516799,-0.058631493225819016,0.0,0.0,1.0,0.0,0.0,0.0,0.0,1.0,0.0,0.0,0.0,0.0,1.0,0.0,0.0,0.0,0.0,1.0,0.0,0.0,0.0,0.0,1.0,0.0,0.0,0.0,0.0,1.0,0.0,0.0,0.0,0.0,1.0,0.0,0.0
-0.489906107544306,-0.0849315441896864,0.1945671857114843,-1.5316243440710422,0.5235315540422097,1.104724368215191,0.9242080523757454,1.945983316064585,-0.788555494609469,-0.9983417271190861,0.0,0.0,1.0,0.0,0.0,0.0,0.0,1.0,0.0,0.0,0.0,0.0,1.0,0.0,0.0,0.0,0.0,1.0,0.0,0.0,0.0,0.0,1.0,0.0,0.0,0.0,0.0,1.0,0.0,0.0,0.0,0.0,1.0,0.0,0.0
-0.489906107544306,-0.0849315441896864,0.1945671857114843,-1.5316243440710422,0.6916730750484669,1.104724368215191,0.9610855989714618,1.945983316064585,-0.788555494609469,-0.9983417271190861,0.0,0.0,1.0,0.0,0.0,0.0,0.0,1.0,0.0,0.0,0.0,0.0,1.0,0.0,0.0,0.0,0.0,1.0,0.0,0.0,0.0,0.0,1.0,0.0,0.0,0.0,0.0,1.0,0.0,0.0,0.0,0.0,1.0,0.0,0.0
-0.489906107544306,-0.0849315441896864,0.1945671857114843,-1.5316243440710422,0.701226570560186,1.104724368215191,0.9610855989714618,1.945983316064585,-0.788555494609469,-0.9983417271190861,0.0,0.0,1.0,0.0,0.0,0.0,0.0,1.0,0.0,0.0,0.0,0.0,1.0,0.0,0.0,0.0,0.0,1.0,0.0,0.0,0.0,0.0,1.0,0.0,0.0,0.0,0.0,1.0,0.0,0.0,0.0,0.0,1.0,0.0,0.0
-0.4245070379080663,-0.14921742916586817,-0.22856219585438162,-0.9460032713379963,-0.3706756258547032,-0.4043098400571264,0.07602448067424973,0.6692846984092942,-0.4183386762516799,-0.058631493225819016,0.0,0.0,0.0,1.0,0.0,0.0,0.0,0.0,1.0,0.0,0.0,0.0,0.0,1.0,0.0,0.0,0.0,0.0,1.0,0.0,0.0,0.0,0.0,1.0,0.0,0.0,0.0,0.0,1.0,0.0,0.0,0.0,0.0,1.0,0.0
-0.4245070379080663,-0.14921742916586817,-0.22856219585438162,-0.9460032713379963,-0.29424766176094996,-0.4043098400571264,0.07602448067424973,0.6692846984092942,-0.4183386762516799,-0.058631493225819016,0.0,0.0,0.0,1.0,0.0,0.0,0.0,0.0,1.0,0.0,0.0,0.0,0.0,1.0,0.0,0.0,0.0,0.0,1.0,0.0,0.0,0.0,0.0,1.0,0.0,0.0,0.0,0.0,1.0,0.0,0.0,0.0,0.0,1.0,0.0
-0.4245070379080663,-0.14921742916586817,-0.22856219585438162,-0.9460032713379963,-0.29806905996563765,0.33697012190120496,-0.5877713580486605,0.6692846984092942,-0.665149888490206,-0.37186823785690803,0.0,0.0,0.0,1.0,0.0,0.0,0.0,0.0,1.0,0.0,0.0,0.0,0.0,1.0,0.0,0.0,0.0,0.0,1.0,0.0,0.0,0.0,0.0,1.0,0.0,0.0,0.0,0.0,1.0,0.0,0.0,0.0,0.0,1.0,0.0
-0.4245070379080663,-0.14921742916586817,-0.22856219585438162,-0.9460032713379963,-0.29806905996563765,0.33697012190120496,-0.5877713580486605,0.6692846984092942,-0.665149888490206,-0.37186823785690803,0.0,0.0,0.0,1.0,0.0,0.0,0.0,0.0,1.0,0.0,0.0,0.0,0.0,1.0,0.0,0.0,0.0,0.0,1.0,0.0,0.0,0.0,0.0,1.0,0.0,0.0,0.0,0.0,1.0,0.0,0.0,0.0,0.0,1.0,0.0
-0.7188028512711508,-0.719754658329493,-0.9807922075270432,0.26706895075188514,-1.2801683985703667,-0.9073212428145655,-0.661526451240095,0.12668778590579569,-0.1962085852370064,0.8810787406674481,0.0,0.0,0.0,1.0,0.0,0.0,0.0,0.0,1.0,0.0,0.0,0.0,0.0,1.0,0.0,0.0,0.0,0.0,1.0,0.0,0.0,0.0,0.0,1.0,0.0,0.0,0.0,0.0,1.0,0.0,0.0,0.0,0.0,1.0,0.0
-0.7188028512711508,-0.719754658329493,-0.9807922075270432,0.26706895075188514,-1.0355989134703565,-1.2779612237937312,-1.2515671967715691,0.7012021638506771,2.888931567744569,3.0737359530850714,0.0,0.0,0.0,1.0,0.0,0.0,0.0,0.0,1.0,0.0,0.0,0.0,0.0,1.0,0.0,0.0,0.0,0.0,1.0,0.0,0.0,0.0,0.0,1.0,0.0,0.0,0.0,0.0,1.0,0.0,0.0,0.0,0.0,1.0,0.0
-0.7188028512711508,-0.719754658329493,-0.9807922075270432,0.26706895075188514,-1.2247581246023957,-0.9073212428145655,-0.661526451240095,0.12668778590579569,-0.1962085852370064,0.8810787406674481,0.0,0.0,0.0,1.0,0.0,0.0,0.0,0.0,1.0,0.0,0.0,0.0,0.0,1.0,0.0,0.0,0.0,0.0,1.0,0.0,0.0,0.0,0.0,1.0,0.0,0.0,0.0,0.0,1.0,0.0,0.0,0.0,0.0,1.0,0.0
-0.7188028512711508,-0.719754658329493,-0.9807922075270432,0.26706895075188514,-1.186544142555519,-0.9073212428145655,-0.661526451240095,0.12668778590579569,-0.1962085852370064,0.8810787406674481,0.0,0.0,0.0,1.0,0.0,0.0,0.0,0.0,1.0,0.0,0.0,0.0,0.0,1.0,0.0,0.0,0.0,0.0,1.0,0.0,0.0,0.0,0.0,1.0,0.0,0.0,0.0,0.0,1.0,0.0,0.0,0.0,0.0,1.0,0.0
-0.7188028512711508,-0.32600361285037316,-0.9807922075270432,-0.15123181548600523,-1.0222240197539496,-0.9073212428145655,-0.661526451240095,0.12668778590579569,-0.1962085852370064,0.8810787406674481,0.0,0.0,0.0,0.0,1.0,0.0,0.0,0.0,0.0,1.0,0.0,0.0,0.0,0.0,1.0,0.0,0.0,0.0,0.0,1.0,0.0,0.0,0.0,0.0,1.0,0.0,0.0,0.0,0.0,1.0,0.0,0.0,0.0,0.0,1.0
-0.7188028512711508,-0.719754658329493,-0.9807922075270432,0.26706895075188514,-1.1617050542250493,-0.9073212428145655,-0.661526451240095,0.12668778590579569,-0.1962085852370064,0.8810787406674481,0.0,0.0,0.0,1.0,0.0,0.0,0.0,0.0,1.0,0.0,0.0,0.0,0.0,1.0,0.0,0.0,0.0,0.0,1.0,0.0,0.0,0.0,0.0,1.0,0.0,0.0,0.0,0.0,1.0,0.0,0.0,0.0,0.0,1.0,0.0
-0.7188028512711508,-0.6956474514634258,-0.9807922075270432,-0.2348919687335845,-1.0145812233445743,-0.9073212428145655,-0.661526451240095,0.12668778590579569,-0.1962085852370064,0.8810787406674481,0.0,0.0,1.0,0.0,0.0,0.0,0.0,1.0,0.0,0.0,0.0,0.0,1.0,0.0,0.0,0.0,0.0,1.0,0.0,0.0,0.0,0.0,1.0,0.0,0.0,0.0,0.0,1.0,0.0,0.0,0.0,0.0,1.0,0.0,0.0
-0.7188028512711508,-0.719754658329493,-0.9807922075270432,0.26706895075188514,-1.1234910721781726,-0.9073212428145655,-0.661526451240095,0.12668778590579569,-0.1962085852370064,0.8810787406674481,0.0,0.0,0.0,1.0,0.0,0.0,0.0,0.0,1.0,0.0,0.0,0.0,0.0,1.0,0.0,0.0,0.0,0.0,1.0,0.0,0.0,0.0,0.0,1.0,0.0,0.0,0.0,0.0,1.0,0.0,0.0,0.0,0.0,1.0,0.0
-0.7188028512711508,-0.32600361285037316,-0.9807922075270432,-0.15123181548600523,-0.9973849314234798,-0.9073212428145655,-0.661526451240095,0.12668778590579569,-0.1962085852370064,0.8810787406674481,0.0,0.0,0.0,0.0,1.0,0.0,0.0,0.0,0.0,1.0,0.0,0.0,0.0,0.0,1.0,0.0,0.0,0.0,0.0,1.0,0.0,0.0,0.0,0.0,1.0,0.0,0.0,0.0,0.0,1.0,0.0,0.0,0.0,0.0,1.0
-0.62070424681679,-0.9527909913681574,-0.9807922075270432,-0.2348919687335845,-1.0527952053914509,-0.9073212428145655,-0.661526451240095,0.12668778590579569,-0.1962085852370064,0.8810787406674481,0.0,1.0,0.0,0.0,0.0,0.0,1.0,0.0,0.0,0.0,0.0,1.0,0.0,0.0,0.0,0.0,1.0,0.0,0.0,0.0,0.0,1.0,0.0,0.0,0.0,0.0,1.0,0.0,0.0,0.0,0.0,1.0,0.0,0.0,0.0
-0.2773591312265229,-0.06886007294563926,-0.32259094731346516,0.3507291039994644,-0.44901428905080026,-0.16604128085623418,0.002269387482815258,0.7012021638506771,-0.4183386762516799,0.25460525140527,0.0,0.0,1.0,0.0,0.0,0.0,0.0,1.0,0.0,0.0,0.0,0.0,1.0,0.0,0.0,0.0,0.0,1.0,0.0,0.0,0.0,0.0,1.0,0.0,0.0,0.0,0.0,1.0,0.0,0.0,0.0,0.0,1.0,0.0,0.0
-0.2773591312265229,-0.06886007294563926,-0.32259094731346516,0.3507291039994644,-0.49104966930236454,-0.16604128085623418,0.002269387482815258,0.7012021638506771,-0.4183386762516799,0.25460525140527,0.0,0.0,0.0,1.0,0.0,0.0,0.0,0.0,1.0,0.0,0.0,0.0,0.0,1.0,0.0,0.0,0.0,0.0,1.0,0.0,0.0,0.0,0.0,1.0,0.0,0.0,0.0,0.0,1.0,0.0,0.0,0.0,0.0,1.0,0.0
0.24583342586340634,0.5981059836822594,0.2885959371705678,0.5180494104946199,1.0241347188562935,1.2900443587047739,0.37104485343998767,0.06285285502303108,-0.29493307013241693,-1.311578471750175,0.0,0.0,0.0,1.0,0.0,0.0,0.0,0.0,1.0,0.0,0.0,0.0,0.0,1.0,0.0,0.0,0.0,0.0,1.0,0.0,0.0,0.0,0.0,1.0,0.0,0.0,0.0,0.0,1.0,0.0,0.0,0.0,0.0,1.0,0.0
0.24583342586340634,0.8311423167209238,0.2885959371705678,0.9363501767325103,1.4081852384274034,1.2900443587047739,0.37104485343998767,0.06285285502303108,-0.29493307013241693,-1.311578471750175,0.0,0.0,0.0,0.0,1.0,0.0,0.0,0.0,0.0,1.0,0.0,0.0,0.0,0.0,1.0,0.0,0.0,0.0,0.0,1.0,0.0,0.0,0.0,0.0,1.0,0.0,0.0,0.0,0.0,1.0,0.0,0.0,0.0,0.0,1.0
0.24583342586340634,0.8311423167209238,0.2885959371705678,0.5180494104946199,0.9572602502742593,1.2900443587047739,0.37104485343998767,0.06285285502303108,-0.29493307013241693,-0.9983417271190861,0.0,0.0,0.0,1.0,0.0,0.0,0.0,0.0,1.0,0.0,0.0,0.0,0.0,1.0,0.0,0.0,0.0,0.0,1.0,0.0,0.0,0.0,0.0,1.0,0.0,0.0,0.0,0.0,1.0,0.0,0.0,0.0,0.0,1.0,0.0
-1.24199540836108,-0.2858249347402587,0.9467971973841459,-1.7407747271899874,0.9782779404000415,1.5018386335500113,0.37104485343998767,0.06285285502303108,-0.29493307013241693,-0.9983417271190861,0.0,0.0,1.0,0.0,0.0,0.0,0.0,1.0,0.0,0.0,0.0,0.0,1.0,0.0,0.0,0.0,0.0,1.0,0.0,0.0,0.0,0.0,1.0,0.0,0.0,0.0,0.0,1.0,0.0,0.0,0.0,0.0,1.0,0.0,0.0
-1.24199540836108,-0.2858249347402587,0.9467971973841459,-1.7407747271899874,1.108205479359422,2.560810007776199,0.37104485343998767,0.06285285502303108,-0.5911065248186482,-1.311578471750175,0.0,0.0,1.0,0.0,0.0,0.0,0.0,1.0,0.0,0.0,0.0,0.0,1.0,0.0,0.0,0.0,0.0,1.0,0.0,0.0,0.0,0.0,1.0,0.0,0.0,0.0,0.0,1.0,0.0,0.0,0.0,0.0,1.0,0.0,0.0
0.04963621695468259,0.34096244377752777,0.9467971973841459,-1.7407747271899874,1.108205479359422,1.5018386335500113,0.37104485343998767,0.06285285502303108,-0.29493307013241693,-0.9983417271190861,0.0,0.0,1.0,0.0,0.0,0.0,0.0,1.0,0.0,0.0,0.0,0.0,1.0,0.0,0.0,0.0,0.0,1.0,0.0,0.0,0.0,0.0,1.0,0.0,0.0,0.0,0.0,1.0,0.0,0.0,0.0,0.0,1.0,0.0,0.0
1.472065981542927,0.999892764783404,1.1818690760318513,1.1873306364752452,0.8808322861805061,-0.16604128085623418,0.48167749322713854,-0.19248686850802735,-0.44301979747553244,-0.9983417271190861,0.0,0.0,0.0,1.0,0.0,0.0,0.0,0.0,1.0,0.0,0.0,0.0,0.0,1.0,0.0,0.0,0.0,0.0,1.0,0.0,0.0,0.0,0.0,1.0,0.0,0.0,0.0,0.0,1.0,0.0,0.0,0.0,0.0,1.0,0.0
1.472065981542927,0.999892764783404,1.1818690760318513,1.1873306364752452,1.2190260272953641,-0.21898984956754355,1.3667386115243523,0.860789491057588,2.666801476729896,0.4112236237208145,0.0,0.0,0.0,1.0,0.0,0.0,0.0,0.0,1.0,0.0,0.0,0.0,0.0,1.0,0.0,0.0,0.0,0.0,1.0,0.0,0.0,0.0,0.0,1.0,0.0,0.0,0.0,0.0,1.0,0.0,0.0,0.0,0.0,1.0,0.0
2.502101328313724,1.9802525106701983,1.1818690760318513,2.023932168951026,1.2820790976727106,-0.16604128085623418,0.48167749322713854,-0.19248686850802735,-0.44301979747553244,-0.9983417271190861,0.0,0.0,0.0,0.0,1.0,0.0,0.0,0.0,0.0,1.0,0.0,0.0,0.0,0.0,1.0,0.0,0.0,0.0,0.0,1.0,0.0,0.0,0.0,0.0,1.0,0.0,0.0,0.0,0.0,1.0,0.0,0.0,0.0,0.0,1.0
2.502101328313724,1.9802525106701983,1.1818690760318513,2.023932168951026,1.6642189181414768,-0.21898984956754355,1.3667386115243523,0.860789491057588,2.666801476729896,-0.058631493225819016,0.0,0.0,0.0,0.0,1.0,0.0,0.0,0.0,0.0,1.0,0.0,0.0,0.0,0.0,1.0,0.0,0.0,0.0,0.0,1.0,0.0,0.0,0.0,0.0,1.0,0.0,0.0,0.0,0.0,1.0,0.0,0.0,0.0,0.0,1.0
1.472065981542927,0.999892764783404,1.1818690760318513,1.1873306364752452,0.9859207368094168,-0.21898984956754355,0.48167749322713854,-3.384233412646255,-0.44301979747553244,-0.9983417271190861,0.0,0.0,0.0,1.0,0.0,0.0,0.0,0.0,1.0,0.0,0.0,0.0,0.0,1.0,0.0,0.0,0.0,0.0,1.0,0.0,0.0,0.0,0.0,1.0,0.0,0.0,0.0,0.0,1.0,0.0,0.0,0.0,0.0,1.0,0.0
1.472065981542927,0.999892764783404,1.1818690760318513,1.1873306364752452,1.3241144779242748,-0.21898984956754355,1.3667386115243523,0.860789491057588,2.666801476729896,0.4112236237208145,0.0,0.0,0.0,1.0,0.0,0.0,0.0,0.0,1.0,0.0,0.0,0.0,0.0,1.0,0.0,0.0,0.0,0.0,1.0,0.0,0.0,0.0,0.0,1.0,0.0,0.0,0.0,0.0,1.0,0.0,0.0,0.0,0.0,1.0,0.0
2.502101328313724,1.9802525106701983,1.1818690760318513,1.1873306364752452,1.3871675483016213,-0.21898984956754355,0.48167749322713854,-3.384233412646255,-0.44301979747553244,-0.9983417271190861,0.0,0.0,0.0,0.0,1.0,0.0,0.0,0.0,0.0,1.0,0.0,0.0,0.0,0.0,1.0,0.0,0.0,0.0,0.0,1.0,0.0,0.0,0.0,0.0,1.0,0.0,0.0,0.0,0.0,1.0,0.0,0.0,0.0,0.0,1.0
2.502101328313724,1.9802525106701983,1.1818690760318513,2.023932168951026,1.7693073687703875,-0.21898984956754355,1.3667386115243523,0.860789491057588,2.666801476729896,-0.058631493225819016,0.0,0.0,0.0,0.0,1.0,0.0,0.0,0.0,0.0,1.0,0.0,0.0,0.0,0.0,1.0,0.0,0.0,0.0,0.0,1.0,0.0,0.0,0.0,0.0,1.0,0.0,0.0,0.0,0.0,1.0,0.0,0.0,0.0,0.0,1.0
1.472065981542927,0.999892764783404,1.1818690760318513,1.1873306364752452,0.9859207368094168,-0.16604128085623418,0.48167749322713854,-0.19248686850802735,-0.44301979747553244,-0.9983417271190861,0.0,0.0,0.0,1.0,0.0,0.0,0.0,0.0,1.0,0.0,0.0,0.0,0.0,1.0,0.0,0.0,0.0,0.0,1.0,0.0,0.0,0.0,0.0,1.0,0.0,0.0,0.0,0.0,1.0,0.0,0.0,0.0,0.0,1.0,0.0
1.472065981542927,0.999892764783404,1.1818690760318513,1.1873306364752452,1.3241144779242748,-0.21898984956754355,1.3667386115243523,0.860789491057588,2.666801476729896,0.4112236237208145,0.0,0.0,0.0,1.0,0.0,0.0,0.0,0.0,1.0,0.0,0.0,0.0,0.0,1.0,0.0,0.0,0.0,0.0,1.0,0.0,0.0,0.0,0.0,1.0,0.0,0.0,0.0,0.0,1.0,0.0,0.0,0.0,0.0,1.0,0.0
1.4884157489519863,0.999892764783404,1.1348547003023064,0.8945201001087207,1.0910091874383274,1.025301515148227,1.0348406921628963,-0.12865193762526275,-0.788555494609469,-1.1549600994346305,0.0,0.0,0.0,1.0,0.0,0.0,0.0,0.0,1.0,0.0,0.0,0.0,0.0,1.0,0.0,0.0,0.0,0.0,1.0,0.0,0.0,0.0,0.0,1.0,0.0,0.0,0.0,0.0,1.0,0.0,0.0,0.0,0.0,1.0,0.0
-0.8496009905436326,-1.3626135080913244,-0.9807922075270432,-1.2806438843283103,-1.2247581246023957,-0.9337955271702202,-1.3253222899630037,-0.06481700674249814,-0.1962085852370064,1.820788974560715,0.0,0.0,1.0,0.0,0.0,0.0,0.0,1.0,0.0,0.0,0.0,0.0,1.0,0.0,0.0,0.0,0.0,1.0,0.0,0.0,0.0,0.0,1.0,0.0,0.0,0.0,0.0,1.0,0.0,0.0,0.0,0.0,1.0,0.0,0.0
-0.8496009905436326,-1.3626135080913244,-0.9807922075270432,-1.2806438843283103,-0.8235113131101912,-0.03366985907796072,-1.104057010388702,0.4458624403196187,-0.6404687672663535,-0.21524986554136352,0.0,0.0,1.0,0.0,0.0,0.0,0.0,1.0,0.0,0.0,0.0,0.0,1.0,0.0,0.0,0.0,0.0,1.0,0.0,0.0,0.0,0.0,1.0,0.0,0.0,0.0,0.0,1.0,0.0,0.0,0.0,0.0,1.0,0.0,0.0
-0.8496009905436326,-1.3626135080913244,-0.9807922075270432,-1.3643040375758868,-1.131133868587548,-0.9337955271702202,-1.3253222899630037,-0.06481700674249814,-0.1962085852370064,0.8810787406674481,0.0,0.0,1.0,0.0,0.0,0.0,0.0,1.0,0.0,0.0,0.0,0.0,1.0,0.0,0.0,0.0,0.0,1.0,0.0,0.0,0.0,0.0,1.0,0.0,0.0,0.0,0.0,1.0,0.0,0.0,0.0,0.0,1.0,0.0,0.0
-0.8496009905436326,-0.5590399458890352,-0.9807922075270432,-1.2806438843283103,-1.0890984883359838,-0.9337955271702202,-1.3253222899630037,-0.06481700674249814,-0.1962085852370064,0.8810787406674481,0.0,0.0,0.0,1.0,0.0,0.0,0.0,0.0,1.0,0.0,0.0,0.0,0.0,1.0,0.0,0.0,0.0,0.0,1.0,0.0,0.0,0.0,0.0,1.0,0.0,0.0,0.0,0.0,1.0,0.0,0.0,0.0,0.0,1.0,0.0
-0.8496009905436326,-0.5590399458890352,-0.9807922075270432,-1.2806438843283103,-0.7031372696625298,-0.9337955271702202,-1.3253222899630037,-0.06481700674249814,-0.1962085852370064,0.8810787406674481,0.0,0.0,0.0,1.0,0.0,0.0,0.0,0.0,1.0,0.0,0.0,0.0,0.0,1.0,0.0,0.0,0.0,0.0,1.0,0.0,0.0,0.0,0.0,1.0,0.0,0.0,0.0,0.0,1.0,0.0,0.0,0.0,0.0,1.0,0.0
0.719976680726153,0.02756875451863454,-0.6046772016907158,2.4840630118127027,-0.04585677845625195,-0.4043098400571264,0.07602448067424973,0.6692846984092942,-0.4183386762516799,-0.21524986554136352,0.0,0.0,0.0,0.0,1.0,0.0,0.0,0.0,0.0,1.0,0.0,0.0,0.0,0.0,1.0,0.0,0.0,0.0,0.0,1.0,0.0,0.0,0.0,0.0,1.0,0.0,0.0,0.0,0.0,1.0,0.0,0.0,0.0,0.0,1.0
-0.489906107544306,-0.0849315441896864,0.1945671857114843,-1.5316243440710422,0.49487106750705223,1.104724368215191,0.9610855989714618,1.945983316064585,-0.788555494609469,-0.9983417271190861,0.0,0.0,1.0,0.0,0.0,0.0,0.0,1.0,0.0,0.0,0.0,0.0,1.0,0.0,0.0,0.0,0.0,1.0,0.0,0.0,0.0,0.0,1.0,0.0,0.0,0.0,0.0,1.0,0.0,0.0,0.0,0.0,1.0,0.0,0.0
-0.7188028512711508,-0.43046817593666936,1.1348547003023064,-1.5316243440710422,0.418443103413299,1.0517757995038817,2.251799729821564,-0.44782659203908576,-0.17152746401315389,-0.9983417271190861,0.0,0.0,1.0,0.0,0.0,0.0,0.0,1.0,0.0,0.0,0.0,0.0,1.0,0.0,0.0,0.0,0.0,1.0,0.0,0.0,0.0,0.0,1.0,0.0,0.0,0.0,0.0,1.0,0.0,0.0,0.0,0.0,1.0,0.0,0.0
-1.5362912217241647,-0.43046817593666936,-0.4166196987725487,-0.9460032713379963,0.3764077231617347,2.746129998265782,1.5142487979072212,-1.1180933663081134,-0.17152746401315389,-1.311578471750175,0.0,1.0,0.0,0.0,0.0,0.0,1.0,0.0,0.0,0.0,0.0,1.0,0.0,0.0,0.0,0.0,1.0,0.0,0.0,0.0,0.0,1.0,0.0,0.0,0.0,0.0,1.0,0.0,0.0,0.0,0.0,1.0,0.0,0.0,0.0
-1.5362912217241647,-0.43046817593666936,-0.4166196987725487,-0.9460032713379963,0.3764077231617347,2.746129998265782,1.5142487979072212,-1.1180933663081134,-0.17152746401315389,-1.311578471750175,0.0,1.0,0.0,0.0,0.0,0.0,1.0,0.0,0.0,0.0,0.0,1.0,0.0,0.0,0.0,0.0,1.0,0.0,0.0,0.0,0.0,1.0,0.0,0.0,0.0,0.0,1.0,0.0,0.0,0.0,0.0,1.0,0.0,0.0,0.0
-1.5362912217241647,-0.43046817593666936,-0.4166196987725487,-0.9460032713379963,0.46047848366486327,2.746129998265782,1.5142487979072212,-1.1180933663081134,-0.17152746401315389,-1.311578471750175,1.0,0.0,0.0,0.0,0.0,1.0,0.0,0.0,0.0,0.0,1.0,0.0,0.0,0.0,0.0,1.0,0.0,0.0,0.0,0.0,1.0,0.0,0.0,0.0,0.0,1.0,0.0,0.0,0.0,0.0,1.0,0.0,0.0,0.0,0.0
0.03328644954562092,0.9918570291613815,0.2885959371705678,0.9363501767325103,0.18915921113203926,0.1781244157672768,0.7766978659928765,-0.575496453804615,-0.2184215943384737,-0.6851049824879971,0.0,0.0,1.0,0.0,0.0,0.0,0.0,1.0,0.0,0.0,0.0,0.0,1.0,0.0,0.0,0.0,0.0,1.0,0.0,0.0,0.0,0.0,1.0,0.0,0.0,0.0,0.0,1.0,0.0,0.0,0.0,0.0,1.0,0.0,0.0
0.03328644954562092,0.9918570291613815,0.2885959371705678,0.9363501767325103,0.259855077918761,0.1781244157672768,0.7766978659928765,-0.575496453804615,-0.2208897064608589,-0.6851049824879971,0.0,0.0,0.0,1.0,0.0,0.0,0.0,0.0,1.0,0.0,0.0,0.0,0.0,1.0,0.0,0.0,0.0,0.0,1.0,0.0,0.0,0.0,0.0,1.0,0.0,0.0,0.0,0.0,1.0,0.0,0.0,0.0,0.0,1.0,0.0
0.03328644954562092,0.9918570291613815,0.2885959371705678,0.9363501767325103,0.282783467146887,0.1781244157672768,-2.9110567935788443,-3.7672429979428426,-0.2208897064608589,-0.6851049824879971,0.0,0.0,1.0,0.0,0.0,0.0,0.0,1.0,0.0,0.0,0.0,0.0,1.0,0.0,0.0,0.0,0.0,1.0,0.0,0.0,0.0,0.0,1.0,0.0,0.0,0.0,0.0,1.0,0.0,0.0,0.0,0.0,1.0,0.0,0.0
0.03328644954562092,0.9918570291613815,0.2885959371705678,0.9363501767325103,0.3802291213664224,0.1781244157672768,0.7766978659928765,-0.575496453804615,-0.2208897064608589,-0.6851049824879971,0.0,0.0,0.0,1.0,0.0,0.0,0.0,0.0,1.0,0.0,0.0,0.0,0.0,1.0,0.0,0.0,0.0,0.0,1.0,0.0,0.0,0.0,0.0,1.0,0.0,0.0,0.0,0.0,1.0,0.0,0.0,0.0,0.0,1.0,0.0
0.03328644954562092,0.9918570291613815,0.2885959371705678,0.9363501767325103,0.4757640764836139,1.5018386335500113,0.7766978659928765,-0.575496453804615,-0.29493307013241693,-0.9983417271190861,0.0,0.0,1.0,0.0,0.0,0.0,0.0,1.0,0.0,0.0,0.0,0.0,1.0,0.0,0.0,0.0,0.0,1.0,0.0,0.0,0.0,0.0,1.0,0.0,0.0,0.0,0.0,1.0,0.0,0.0,0.0,0.0,1.0,0.0,0.0
0.03328644954562092,0.9918570291613815,0.2885959371705678,0.9363501767325103,0.5502813414750233,1.5018386335500113,0.7766978659928765,-0.575496453804615,-0.29493307013241693,-0.9983417271190861,0.0,0.0,0.0,1.0,0.0,0.0,0.0,0.0,1.0,0.0,0.0,0.0,0.0,1.0,0.0,0.0,0.0,0.0,1.0,0.0,0.0,0.0,0.0,1.0,0.0,0.0,0.0,0.0,1.0,0.0,0.0,0.0,0.0,1.0,0.0
-0.8496009905436326,-1.3947564505794163,-1.168849710445207,-0.06757166223842598,-0.97254584309301,-0.9073212428145655,1.0717182387586144,-2.8416365001427564,-0.29493307013241693,0.8810787406674481,0.0,0.0,1.0,0.0,0.0,0.0,0.0,1.0,0.0,0.0,0.0,0.0,1.0,0.0,0.0,0.0,0.0,1.0,0.0,0.0,0.0,0.0,1.0,0.0,0.0,0.0,0.0,1.0,0.0,0.0,0.0,0.0,1.0,0.0,0.0
-0.8496009905436326,-1.3143990943591874,-1.0748209589861235,-0.06757166223842598,-0.8387969059289418,-0.8014241053919468,1.0717182387586144,-1.947947467784052,-0.3689764338039749,0.09798687908972549,0.0,0.0,1.0,0.0,0.0,0.0,0.0,1.0,0.0,0.0,0.0,0.0,1.0,0.0,0.0,0.0,0.0,1.0,0.0,0.0,0.0,0.0,1.0,0.0,0.0,0.0,0.0,1.0,0.0,0.0,0.0,0.0,1.0,0.0,0.0
-0.9150000601798746,-1.3626135080913244,-0.9807922075270432,0.7690298702373548,-0.6095130136476821,-0.8014241053919468,1.0717182387586144,-1.947947467784052,-0.3689764338039749,0.09798687908972549,0.0,0.0,1.0,0.0,0.0,0.0,0.0,1.0,0.0,0.0,0.0,0.0,1.0,0.0,0.0,0.0,0.0,1.0,0.0,0.0,0.0,0.0,1.0,0.0,0.0,0.0,0.0,1.0,0.0,0.0,0.0,0.0,1.0,0.0,0.0
-0.2773591312265229,-0.18136037165396018,-0.22856219585438162,-0.5695325817238956,-0.7910294283703461,-0.5631555461910546,1.0717182387586144,-1.947947467784052,-0.17152746401315389,1.0376971129829926,0.0,0.0,0.0,1.0,0.0,0.0,0.0,0.0,1.0,0.0,0.0,0.0,0.0,1.0,0.0,0.0,0.0,0.0,1.0,0.0,0.0,0.0,0.0,1.0,0.0,0.0,0.0,0.0,1.0,0.0,0.0,0.0,0.0,1.0,0.0
-0.2773591312265229,-0.18136037165396018,-0.22856219585438162,-0.5695325817238956,-0.7050479687648736,-0.5631555461910546,1.0717182387586144,-1.947947467784052,-0.17152746401315389,0.4112236237208145,0.0,0.0,0.0,1.0,0.0,0.0,0.0,0.0,1.0,0.0,0.0,0.0,0.0,1.0,0.0,0.0,0.0,0.0,1.0,0.0,0.0,0.0,0.0,1.0,0.0,0.0,0.0,0.0,1.0,0.0,0.0,0.0,0.0,1.0,0.0
-0.2773591312265229,-0.18136037165396018,-0.22856219585438162,-0.5695325817238956,-0.418443103413299,-0.24546413392319824,1.0717182387586144,-1.947947467784052,-0.29493307013241693,0.09798687908972549,0.0,0.0,0.0,1.0,0.0,0.0,0.0,0.0,1.0,0.0,0.0,0.0,0.0,1.0,0.0,0.0,0.0,0.0,1.0,0.0,0.0,0.0,0.0,1.0,0.0,0.0,0.0,0.0,1.0,0.0,0.0,0.0,0.0,1.0,0.0
-0.31005866604464394,-0.18136037165396018,-0.22856219585438162,0.18340879750430586,-0.3324616438078266,-0.5631555461910546,1.0717182387586144,-1.947947467784052,-0.29493307013241693,-0.21524986554136352,0.0,0.0,0.0,1.0,0.0,0.0,0.0,0.0,1.0,0.0,0.0,0.0,0.0,1.0,0.0,0.0,0.0,0.0,1.0,0.0,0.0,0.0,0.0,1.0,0.0,0.0,0.0,0.0,1.0,0.0,0.0,0.0,0.0,1.0,0.0
-0.31005866604464394,-0.18136037165396018,-0.22856219585438162,0.18340879750430586,-0.09362425601484772,0.2045987001229315,1.0717182387586144,-1.947947467784052,-0.6157876460425007,-0.21524986554136352,0.0,0.0,0.0,1.0,0.0,0.0,0.0,0.0,1.0,0.0,0.0,0.0,0.0,1.0,0.0,0.0,0.0,0.0,1.0,0.0,0.0,0.0,0.0,1.0,0.0,0.0,0.0,0.0,1.0,0.0,0.0,0.0,0.0,1.0,0.0
-0.31005866604464394,-0.06082433732361681,-0.22856219585438162,-0.3603821986049504,-0.5139780585304905,-0.5631555461910546,1.0717182387586144,-1.947947467784052,-0.29493307013241693,0.4112236237208145,0.0,0.0,0.0,0.0,1.0,0.0,0.0,0.0,0.0,1.0,0.0,0.0,0.0,0.0,1.0,0.0,0.0,0.0,0.0,1.0,0.0,0.0,0.0,0.0,1.0,0.0,0.0,0.0,0.0,1.0,0.0,0.0,0.0,0.0,1.0
-0.31005866604464394,-0.06082433732361681,-0.22856219585438162,-0.3603821986049504,-0.19871270664375842,-0.24546413392319824,1.0717182387586144,-1.947947467784052,-0.29493307013241693,-0.058631493225819016,0.0,0.0,0.0,0.0,1.0,0.0,0.0,0.0,0.0,1.0,0.0,0.0,0.0,0.0,1.0,0.0,0.0,0.0,0.0,1.0,0.0,0.0,0.0,0.0,1.0,0.0,0.0,0.0,0.0,1.0,0.0,0.0,0.0,0.0,1.0
-0.3264084334537033,-0.05278860170159438,-0.22856219585438162,0.4343892572470407,-0.2655871752257925,-0.5631555461910546,1.0717182387586144,-1.947947467784052,-0.29493307013241693,-0.37186823785690803,0.0,0.0,0.0,0.0,1.0,0.0,0.0,0.0,0.0,1.0,0.0,0.0,0.0,0.0,1.0,0.0,0.0,0.0,0.0,1.0,0.0,0.0,0.0,0.0,1.0,0.0,0.0,0.0,0.0,1.0,0.0,0.0,0.0,0.0,1.0
-0.3264084334537033,-0.05278860170159438,-0.22856219585438162,0.4343892572470407,0.17387361831328862,0.2045987001229315,1.0717182387586144,-1.947947467784052,-0.6157876460425007,-0.37186823785690803,0.0,0.0,0.0,0.0,1.0,0.0,0.0,0.0,0.0,1.0,0.0,0.0,0.0,0.0,1.0,0.0,0.0,0.0,0.0,1.0,0.0,0.0,0.0,0.0,1.0,0.0,0.0,0.0,0.0,1.0,0.0,0.0,0.0,0.0,1.0
-0.522605642362427,-1.2501132093830056,-1.0748209589861235,0.26706895075188514,-1.096741284745359,-1.0926412333041484,-1.0303019171972674,-0.7031663155701442,-0.29493307013241693,1.507552229929626,0.0,0.0,1.0,0.0,0.0,0.0,0.0,1.0,0.0,0.0,0.0,0.0,1.0,0.0,0.0,0.0,0.0,1.0,0.0,0.0,0.0,0.0,1.0,0.0,0.0,0.0,0.0,1.0,0.0,0.0,0.0,0.0,1.0,0.0,0.0
-0.522605642362427,-1.2501132093830056,-1.0748209589861235,0.26706895075188514,-0.9916528341164483,-1.0926412333041484,-1.0303019171972674,-0.7031663155701442,-0.29493307013241693,0.8810787406674481,0.0,0.0,1.0,0.0,0.0,0.0,0.0,1.0,0.0,0.0,0.0,0.0,1.0,0.0,0.0,0.0,0.0,1.0,0.0,0.0,0.0,0.0,1.0,0.0,0.0,0.0,0.0,1.0,0.0,0.0,0.0,0.0,1.0,0.0,0.0
-0.522605642362427,-1.2501132093830056,-1.0748209589861235,0.26706895075188514,-1.039420311675044,-1.0926412333041484,-1.0303019171972674,-0.7031663155701442,-0.29493307013241693,0.8810787406674481,0.0,0.0,1.0,0.0,0.0,0.0,0.0,1.0,0.0,0.0,0.0,0.0,1.0,0.0,0.0,0.0,0.0,1.0,0.0,0.0,0.0,0.0,1.0,0.0,0.0,0.0,0.0,1.0,0.0,0.0,0.0,0.0,1.0,0.0,0.0
-0.522605642362427,-0.3661822909604876,-1.0748209589861235,2.1912524754461815,-0.5330850495539289,-1.0926412333041484,-1.0303019171972674,-0.7031663155701442,-0.29493307013241693,0.8810787406674481,0.0,0.0,0.0,0.0,1.0,0.0,0.0,0.0,0.0,1.0,0.0,0.0,0.0,0.0,1.0,0.0,0.0,0.0,0.0,1.0,0.0,0.0,0.0,0.0,1.0,0.0,0.0,0.0,0.0,1.0,0.0,0.0,0.0,0.0,1.0
-0.522605642362427,-0.3661822909604876,-1.0748209589861235,2.1912524754461815,-0.5139780585304905,-1.0926412333041484,-1.0303019171972674,-0.7031663155701442,-0.29493307013241693,0.25460525140527,0.0,0.0,0.0,0.0,1.0,0.0,0.0,0.0,0.0,1.0,0.0,0.0,0.0,0.0,1.0,0.0,0.0,0.0,0.0,1.0,0.0,0.0,0.0,0.0,1.0,0.0,0.0,0.0,0.0,1.0,0.0,0.0,0.0,0.0,1.0
-0.522605642362427,-0.3661822909604876,-1.0748209589861235,2.1912524754461815,1.0527952053914509,-1.0926412333041484,-1.0303019171972674,-0.7031663155701442,-0.29493307013241693,0.25460525140527,0.0,0.0,0.0,0.0,1.0,0.0,0.0,0.0,0.0,1.0,0.0,0.0,0.0,0.0,1.0,0.0,0.0,0.0,0.0,1.0,0.0,0.0,0.0,0.0,1.0,0.0,0.0,0.0,0.0,1.0,0.0,0.0,0.0,0.0,1.0
-0.522605642362427,-0.6393973021092642,-0.6987059531497927,-0.3603821986049504,-0.9133141709203513,-0.8808469584589108,-0.5140162648572261,-0.7031663155701442,-0.29493307013241693,0.7244603683519035,0.0,0.0,0.0,1.0,0.0,0.0,0.0,0.0,1.0,0.0,0.0,0.0,0.0,1.0,0.0,0.0,0.0,0.0,1.0,0.0,0.0,0.0,0.0,1.0,0.0,0.0,0.0,0.0,1.0,0.0,0.0,0.0,0.0,1.0,0.0
-0.522605642362427,-0.6393973021092642,-0.6987059531497927,-0.44404235185252966,-0.859814596054724,-0.8808469584589108,-0.5140162648572261,-0.7031663155701442,-0.29493307013241693,0.7244603683519035,0.0,0.0,1.0,0.0,0.0,0.0,0.0,1.0,0.0,0.0,0.0,0.0,1.0,0.0,0.0,0.0,0.0,1.0,0.0,0.0,0.0,0.0,1.0,0.0,0.0,0.0,0.0,1.0,0.0,0.0,0.0,0.0,1.0,0.0,0.0
-0.522605642362427,-0.6393973021092642,-0.6987059531497927,-0.3603821986049504,-0.542638545065648,-1.2514869394380765,-0.21899589209148818,0.3181925785540895,3.037018295087685,1.3509338576140817,0.0,0.0,0.0,1.0,0.0,0.0,0.0,0.0,1.0,0.0,0.0,0.0,0.0,1.0,0.0,0.0,0.0,0.0,1.0,0.0,0.0,0.0,0.0,1.0,0.0,0.0,0.0,0.0,1.0,0.0,0.0,0.0,0.0,1.0,0.0
-0.522605642362427,-0.6393973021092642,-0.6987059531497927,-0.44404235185252966,-0.542638545065648,-1.2514869394380765,-0.21899589209148818,0.3181925785540895,3.037018295087685,1.9774073468762596,0.0,0.0,1.0,0.0,0.0,0.0,0.0,1.0,0.0,0.0,0.0,0.0,1.0,0.0,0.0,0.0,0.0,1.0,0.0,0.0,0.0,0.0,1.0,0.0,0.0,0.0,0.0,1.0,0.0,0.0,0.0,0.0,1.0,0.0,0.0
-0.522605642362427,-0.6393973021092642,-0.6987059531497927,-0.3603821986049504,-0.8884750825898814,-0.8808469584589108,-0.5140162648572261,-0.7031663155701442,-0.29493307013241693,1.9774073468762596,0.0,0.0,0.0,1.0,0.0,0.0,0.0,0.0,1.0,0.0,0.0,0.0,0.0,1.0,0.0,0.0,0.0,0.0,1.0,0.0,0.0,0.0,0.0,1.0,0.0,0.0,0.0,0.0,1.0,0.0,0.0,0.0,0.0,1.0,0.0
-0.522605642362427,-0.6393973021092642,-0.6987059531497927,-0.44404235185252966,-0.8349755077242541,-0.8808469584589108,-0.5140162648572261,-0.7031663155701442,-0.29493307013241693,0.4112236237208145,0.0,0.0,1.0,0.0,0.0,0.0,0.0,1.0,0.0,0.0,0.0,0.0,1.0,0.0,0.0,0.0,0.0,1.0,0.0,0.0,0.0,0.0,1.0,0.0,0.0,0.0,0.0,1.0,0.0,0.0,0.0,0.0,1.0,0.0,0.0
-0.522605642362427,-0.6393973021092642,-0.6987059531497927,-0.44404235185252966,-0.8005829238820652,-0.8808469584589108,-0.5140162648572261,-0.7031663155701442,-0.29493307013241693,0.4112236237208145,0.0,0.0,0.0,1.0,0.0,0.0,0.0,0.0,1.0,0.0,0.0,0.0,0.0,1.0,0.0,0.0,0.0,0.0,1.0,0.0,0.0,0.0,0.0,1.0,0.0,0.0,0.0,0.0,1.0,0.0,0.0,0.0,0.0,1.0,0.0
-0.7188028512711508,-0.44653964718071654,-0.8867634560679597,-0.527702505100106,-0.745172649914094,-0.8808469584589108,-0.5140162648572261,-0.7031663155701442,-0.29493307013241693,0.567841996036359,0.0,0.0,0.0,1.0,0.0,0.0,0.0,0.0,1.0,0.0,0.0,0.0,0.0,1.0,0.0,0.0,0.0,0.0,1.0,0.0,0.0,0.0,0.0,1.0,0.0,0.0,0.0,0.0,1.0,0.0,0.0,0.0,0.0,1.0,0.0
-0.7188028512711508,-0.44653964718071654,-0.8867634560679597,-0.527702505100106,-0.67829818133206,-0.8808469584589108,-0.5140162648572261,-0.7031663155701442,-0.29493307013241693,0.567841996036359,0.0,0.0,1.0,0.0,0.0,0.0,0.0,1.0,0.0,0.0,0.0,0.0,1.0,0.0,0.0,0.0,0.0,1.0,0.0,0.0,0.0,0.0,1.0,0.0,0.0,0.0,0.0,1.0,0.0,0.0,0.0,0.0,1.0,0.0,0.0
-0.7188028512711508,-0.44653964718071654,-0.8867634560679597,-0.527702505100106,-0.5617455360890863,0.23107298447858618,-0.32962853187863905,-0.5435789883632319,-0.1962085852370064,0.09798687908972549,0.0,0.0,0.0,1.0,0.0,0.0,0.0,0.0,1.0,0.0,0.0,0.0,0.0,1.0,0.0,0.0,0.0,0.0,1.0,0.0,0.0,0.0,0.0,1.0,0.0,0.0,0.0,0.0,1.0,0.0,0.0,0.0,0.0,1.0,0.0
-0.7188028512711508,-0.44653964718071654,-0.8867634560679597,-0.527702505100106,-0.49487106750705223,0.23107298447858618,-0.32962853187863905,-0.5435789883632319,-0.1962085852370064,0.09798687908972549,0.0,0.0,1.0,0.0,0.0,0.0,0.0,1.0,0.0,0.0,0.0,0.0,1.0,0.0,0.0,0.0,0.0,1.0,0.0,0.0,0.0,0.0,1.0,0.0,0.0,0.0,0.0,1.0,0.0,0.0,0.0,0.0,1.0,0.0,0.0
-0.08116192231779915,0.15614052447100035,-0.13453344439530476,-0.7786829648428408,-0.03630328294453279,0.33697012190120496,1.0717182387586144,0.7969545601748234,-0.2208897064608589,-0.21524986554136352,0.0,1.0,0.0,0.0,0.0,0.0,1.0,0.0,0.0,0.0,0.0,1.0,0.0,0.0,0.0,0.0,1.0,0.0,0.0,0.0,0.0,1.0,0.0,0.0,0.0,0.0,1.0,0.0,0.0,0.0,0.0,1.0,0.0,0.0,0.0
-0.08116192231779915,0.15614052447100035,-0.13453344439530476,-0.7786829648428408,-0.04394607935390811,0.33697012190120496,1.0717182387586144,0.7969545601748234,-0.2208897064608589,-0.21524986554136352,0.0,1.0,0.0,0.0,0.0,0.0,1.0,0.0,0.0,0.0,0.0,1.0,0.0,0.0,0.0,0.0,1.0,0.0,0.0,0.0,0.0,1.0,0.0,0.0,0.0,0.0,1.0,0.0,0.0,0.0,0.0,1.0,0.0,0.0,0.0
-0.08116192231779915,0.15614052447100035,-0.13453344439530476,-0.7786829648428408,-0.015285592818750648,0.33697012190120496,1.0717182387586144,0.7969545601748234,-0.2208897064608589,-0.21524986554136352,0.0,0.0,1.0,0.0,0.0,0.0,0.0,1.0,0.0,0.0,0.0,0.0,1.0,0.0,0.0,0.0,0.0,1.0,0.0,0.0,0.0,0.0,1.0,0.0,0.0,0.0,0.0,1.0,0.0,0.0,0.0,0.0,1.0,0.0,0.0
-0.08116192231779915,0.15614052447100035,-0.13453344439530476,-0.7786829648428408,0.22928389228125973,0.33697012190120496,1.0717182387586144,0.7969545601748234,-0.2208897064608589,-0.21524986554136352,0.0,1.0,0.0,0.0,0.0,0.0,1.0,0.0,0.0,0.0,0.0,1.0,0.0,0.0,0.0,0.0,1.0,0.0,0.0,0.0,0.0,1.0,0.0,0.0,0.0,0.0,1.0,0.0,0.0,0.0,0.0,1.0,0.0,0.0,0.0
-0.08116192231779915,0.15614052447100035,-0.13453344439530476,-0.7786829648428408,0.29615836086329383,0.33697012190120496,1.0717182387586144,0.7969545601748234,-0.2208897064608589,-0.21524986554136352,0.0,0.0,1.0,0.0,0.0,0.0,0.0,1.0,0.0,0.0,0.0,0.0,1.0,0.0,0.0,0.0,0.0,1.0,0.0,0.0,0.0,0.0,1.0,0.0,0.0,0.0,0.0,1.0,0.0,0.0,0.0,0.0,1.0,0.0,0.0
-0.08116192231779915,0.15614052447100035,-0.13453344439530476,-0.3603821986049504,0.7948508265750337,0.33697012190120496,1.0717182387586144,0.7969545601748234,-0.2208897064608589,-0.21524986554136352,1.0,0.0,0.0,0.0,0.0,1.0,0.0,0.0,0.0,0.0,1.0,0.0,0.0,0.0,0.0,1.0,0.0,0.0,0.0,0.0,1.0,0.0,0.0,0.0,0.0,1.0,0.0,0.0,0.0,0.0,1.0,0.0,0.0,0.0,0.0
0.5728287740446119,0.10792611073886346,0.2885959371705678,0.4343892572470407,-0.44519289084611263,-0.29841270263450764,-0.07148570570861922,0.9246244219403525,-0.3689764338039749,0.567841996036359,0.0,0.0,0.0,1.0,0.0,0.0,0.0,0.0,1.0,0.0,0.0,0.0,0.0,1.0,0.0,0.0,0.0,0.0,1.0,0.0,0.0,0.0,0.0,1.0,0.0,0.0,0.0,0.0,1.0,0.0,0.0,0.0,0.0,1.0,0.0
0.5728287740446119,0.10792611073886346,0.2885959371705678,0.4343892572470407,-0.15094522908516264,-0.8014241053919468,-0.21899589209148818,0.3181925785540895,3.037018295087685,0.7244603683519035,0.0,0.0,0.0,1.0,0.0,0.0,0.0,0.0,1.0,0.0,0.0,0.0,0.0,1.0,0.0,0.0,0.0,0.0,1.0,0.0,0.0,0.0,0.0,1.0,0.0,0.0,0.0,0.0,1.0,0.0,0.0,0.0,0.0,1.0,0.0
0.5728287740446119,0.10792611073886346,0.2885959371705678,0.016088491009150316,-0.2770513698398555,-0.29841270263450764,-0.07148570570861922,0.9246244219403525,-0.3689764338039749,0.25460525140527,0.0,0.0,1.0,0.0,0.0,0.0,0.0,1.0,0.0,0.0,0.0,0.0,1.0,0.0,0.0,0.0,0.0,1.0,0.0,0.0,0.0,0.0,1.0,0.0,0.0,0.0,0.0,1.0,0.0,0.0,0.0,0.0,1.0,0.0,0.0
0.5728287740446119,0.10792611073886346,0.2885959371705678,0.4343892572470407,-0.2770513698398555,-0.29841270263450764,-0.07148570570861922,0.9246244219403525,-0.3689764338039749,0.25460525140527,0.0,0.0,0.0,1.0,0.0,0.0,0.0,0.0,1.0,0.0,0.0,0.0,0.0,1.0,0.0,0.0,0.0,0.0,1.0,0.0,0.0,0.0,0.0,1.0,0.0,0.0,0.0,0.0,1.0,0.0,0.0,0.0,0.0,1.0,0.0
0.5728287740446119,0.10792611073886346,0.2885959371705678,0.016088491009150316,-0.19298060933672692,-0.29841270263450764,-0.07148570570861922,0.9246244219403525,-0.3689764338039749,0.25460525140527,0.0,0.0,1.0,0.0,0.0,0.0,0.0,1.0,0.0,0.0,0.0,0.0,1.0,0.0,0.0,0.0,0.0,1.0,0.0,0.0,0.0,0.0,1.0,0.0,0.0,0.0,0.0,1.0,0.0,0.0,0.0,0.0,1.0,0.0,0.0
0.6545776110899132,0.7427492248786723,0.8527684459250624,-0.7786829648428408,0.7967615256773776,1.528312917905666,-0.21899589209148818,0.3181925785540895,-0.2208897064608589,-0.8417233548035415,0.0,0.0,1.0,0.0,0.0,0.0,0.0,1.0,0.0,0.0,0.0,0.0,1.0,0.0,0.0,0.0,0.0,1.0,0.0,0.0,0.0,0.0,1.0,0.0,0.0,0.0,0.0,1.0,0.0,0.0,0.0,0.0,1.0,0.0,0.0
0.6545776110899132,0.7427492248786723,0.8527684459250624,-0.7786829648428408,0.8731894897711308,1.528312917905666,-0.21899589209148818,0.3181925785540895,-0.2208897064608589,-0.9983417271190861,0.0,0.0,1.0,0.0,0.0,0.0,0.0,1.0,0.0,0.0,0.0,0.0,1.0,0.0,0.0,0.0,0.0,1.0,0.0,0.0,0.0,0.0,1.0,0.0,0.0,0.0,0.0,1.0,0.0,0.0,0.0,0.0,1.0,0.0,0.0
0.9161738896348767,1.0882858566256577,0.2885959371705678,0.09974864425672958,1.0929198865406713,1.3959414961273926,-0.21899589209148818,0.3181925785540895,-0.24557082768471186,-0.8417233548035415,0.0,0.0,0.0,1.0,0.0,0.0,0.0,0.0,1.0,0.0,0.0,0.0,0.0,1.0,0.0,0.0,0.0,0.0,1.0,0.0,0.0,0.0,0.0,1.0,0.0,0.0,0.0,0.0,1.0,0.0,0.0,0.0,0.0,1.0,0.0
0.9161738896348767,1.0882858566256577,0.2885959371705678,0.09974864425672958,1.131133868587548,1.3959414961273926,-0.21899589209148818,0.3181925785540895,-0.24557082768471186,-0.9983417271190861,0.0,0.0,0.0,0.0,1.0,0.0,0.0,0.0,0.0,1.0,0.0,0.0,0.0,0.0,1.0,0.0,0.0,0.0,0.0,1.0,0.0,0.0,0.0,0.0,1.0,0.0,0.0,0.0,0.0,1.0,0.0,0.0,0.0,0.0,1.0
-0.2610093638174636,-0.20546757852002978,-0.1815478201248432,0.7690298702373548,-0.5693883324984617,-1.3573840768606953,-1.1778121035801363,0.4777799057610003,3.160423901206948,1.820788974560715,0.0,0.0,0.0,1.0,0.0,0.0,0.0,0.0,1.0,0.0,0.0,0.0,0.0,1.0,0.0,0.0,0.0,0.0,1.0,0.0,0.0,0.0,0.0,1.0,0.0,0.0,0.0,0.0,1.0,0.0,0.0,0.0,0.0,1.0,0.0
-0.2610093638174636,-0.20546757852002978,-0.1815478201248432,0.7690298702373548,-0.6687446858203409,-0.48373269312409045,-0.5140162648572261,0.4777799057610003,-0.29493307013241693,0.25460525140527,0.0,0.0,0.0,1.0,0.0,0.0,0.0,0.0,1.0,0.0,0.0,0.0,0.0,1.0,0.0,0.0,0.0,0.0,1.0,0.0,0.0,0.0,0.0,1.0,0.0,0.0,0.0,0.0,1.0,0.0,0.0,0.0,0.0,1.0,0.0
-0.2610093638174636,-0.20546757852002978,-0.1815478201248432,0.7690298702373548,-0.5636562351914302,-1.3573840768606953,-1.1778121035801363,0.4777799057610003,3.160423901206948,1.820788974560715,0.0,0.0,0.0,1.0,0.0,0.0,0.0,0.0,1.0,0.0,0.0,0.0,0.0,1.0,0.0,0.0,0.0,0.0,1.0,0.0,0.0,0.0,0.0,1.0,0.0,0.0,0.0,0.0,1.0,0.0,0.0,0.0,0.0,1.0,0.0
-0.2610093638174636,-0.20546757852002978,-0.1815478201248432,0.7690298702373548,-0.6630125885133094,-0.48373269312409045,-0.5140162648572261,0.4777799057610003,-0.29493307013241693,0.25460525140527,0.0,0.0,0.0,1.0,0.0,0.0,0.0,0.0,1.0,0.0,0.0,0.0,0.0,1.0,0.0,0.0,0.0,0.0,1.0,0.0,0.0,0.0,0.0,1.0,0.0,0.0,0.0,0.0,1.0,0.0,0.0,0.0,0.0,1.0,0.0
-0.2610093638174636,-0.20546757852002978,-0.1815478201248432,0.7690298702373548,-0.542638545065648,-0.48373269312409045,-0.5140162648572261,0.4777799057610003,-0.29493307013241693,0.25460525140527,0.0,0.0,0.0,1.0,0.0,0.0,0.0,0.0,1.0,0.0,0.0,0.0,0.0,1.0,0.0,0.0,0.0,0.0,1.0,0.0,0.0,0.0,0.0,1.0,0.0,0.0,0.0,0.0,1.0,0.0,0.0,0.0,0.0,1.0,0.0
-0.2610093638174636,-0.20546757852002978,-0.1815478201248432,0.7690298702373548,-0.45856778456251945,-0.9337955271702202,-1.1778121035801363,0.4777799057610003,3.160423901206948,1.820788974560715,0.0,0.0,0.0,1.0,0.0,0.0,0.0,0.0,1.0,0.0,0.0,0.0,0.0,1.0,0.0,0.0,0.0,0.0,1.0,0.0,0.0,0.0,0.0,1.0,0.0,0.0,0.0,0.0,1.0,0.0,0.0,0.0,0.0,1.0,0.0
-0.2610093638174636,-0.20546757852002978,-0.1815478201248432,0.7690298702373548,-0.49487106750705223,-0.08661842778927009,-0.5140162648572261,0.4777799057610003,-0.04812185789389084,0.09798687908972549,0.0,0.0,0.0,1.0,0.0,0.0,0.0,0.0,1.0,0.0,0.0,0.0,0.0,1.0,0.0,0.0,0.0,0.0,1.0,0.0,0.0,0.0,0.0,1.0,0.0,0.0,0.0,0.0,1.0,0.0,0.0,0.0,0.0,1.0,0.0
-0.7188028512711508,-1.2018987956508667,-0.7927347046088762,0.7271997936135651,-0.5827632262148684,-0.351361271345817,-0.5140162648572261,0.4777799057610003,-0.4183386762516799,-0.21524986554136352,1.0,0.0,0.0,0.0,0.0,1.0,0.0,0.0,0.0,0.0,1.0,0.0,0.0,0.0,0.0,1.0,0.0,0.0,0.0,0.0,1.0,0.0,0.0,0.0,0.0,1.0,0.0,0.0,0.0,0.0,1.0,0.0,0.0,0.0,0.0
-0.7188028512711508,-0.6876117158414033,-0.8867634560679597,-1.0296634245855756,-0.6458162965922148,-0.351361271345817,-0.5140162648572261,0.4777799057610003,-0.4183386762516799,-0.21524986554136352,0.0,0.0,1.0,0.0,0.0,0.0,0.0,1.0,0.0,0.0,0.0,0.0,1.0,0.0,0.0,0.0,0.0,1.0,0.0,0.0,0.0,0.0,1.0,0.0,0.0,0.0,0.0,1.0,0.0,0.0,0.0,0.0,1.0,0.0,0.0
0.24583342586340634,0.47756994935191605,0.4766534400887349,0.5180494104946199,0.19489130843907077,0.1781244157672768,-0.5140162648572261,0.4777799057610003,-0.4183386762516799,-0.9983417271190861,0.0,0.0,0.0,1.0,0.0,0.0,0.0,0.0,1.0,0.0,0.0,0.0,0.0,1.0,0.0,0.0,0.0,0.0,1.0,0.0,0.0,0.0,0.0,1.0,0.0,0.0,0.0,0.0,1.0,0.0,0.0,0.0,0.0,1.0,0.0
0.24583342586340634,0.47756994935191605,0.4766534400887349,0.5180494104946199,0.03821398204687662,-0.9337955271702202,-1.1778121035801363,0.4777799057610003,3.160423901206948,1.1943154852985371,0.0,0.0,0.0,1.0,0.0,0.0,0.0,0.0,1.0,0.0,0.0,0.0,0.0,1.0,0.0,0.0,0.0,0.0,1.0,0.0,0.0,0.0,0.0,1.0,0.0,0.0,0.0,0.0,1.0,0.0,0.0,0.0,0.0,1.0,0.0
0.24583342586340634,0.7106062823905803,0.4766534400887349,0.5180494104946199,0.007642796409375324,-0.4043098400571264,-0.5140162648572261,0.4777799057610003,-0.29493307013241693,-0.058631493225819016,0.0,0.0,0.0,0.0,1.0,0.0,0.0,0.0,0.0,1.0,0.0,0.0,0.0,0.0,1.0,0.0,0.0,0.0,0.0,1.0,0.0,0.0,0.0,0.0,1.0,0.0,0.0,0.0,0.0,1.0,0.0,0.0,0.0,0.0,1.0
0.8834743548167557,1.1686432128458866,0.6176965672773569,0.9781802533563,0.6744767831273724,0.2840215531898956,1.6617589842900886,-0.32015673027355657,-0.17152746401315389,-0.37186823785690803,0.0,0.0,0.0,1.0,0.0,0.0,0.0,0.0,1.0,0.0,0.0,0.0,0.0,1.0,0.0,0.0,0.0,0.0,1.0,0.0,0.0,0.0,0.0,1.0,0.0,0.0,0.0,0.0,1.0,0.0,0.0,0.0,0.0,1.0,0.0
0.8834743548167557,1.1686432128458866,0.6176965672773569,1.5219712494655562,0.9075820736133198,0.2840215531898956,1.6617589842900886,-0.32015673027355657,-0.17152746401315389,-0.37186823785690803,0.0,0.0,0.0,0.0,1.0,0.0,0.0,0.0,0.0,1.0,0.0,0.0,0.0,0.0,1.0,0.0,0.0,0.0,0.0,1.0,0.0,0.0,0.0,0.0,1.0,0.0,0.0,0.0,0.0,1.0,0.0,0.0,0.0,0.0,1.0
0.8834743548167557,1.1686432128458866,0.6176965672773569,0.9781802533563,0.7184228624812805,0.2840215531898956,1.6617589842900886,-0.32015673027355657,-0.17152746401315389,-0.21524986554136352,0.0,0.0,0.0,1.0,0.0,0.0,0.0,0.0,1.0,0.0,0.0,0.0,0.0,1.0,0.0,0.0,0.0,0.0,1.0,0.0,0.0,0.0,0.0,1.0,0.0,0.0,0.0,0.0,1.0,0.0,0.0,0.0,0.0,1.0,0.0
0.8834743548167557,1.1686432128458866,0.6176965672773569,1.5219712494655562,0.9228676664320704,0.2840215531898956,1.6617589842900886,-0.32015673027355657,-0.17152746401315389,-0.21524986554136352,0.0,0.0,0.0,0.0,1.0,0.0,0.0,0.0,0.0,1.0,0.0,0.0,0.0,0.0,1.0,0.0,0.0,0.0,0.0,1.0,0.0,0.0,0.0,0.0,1.0,0.0,0.0,0.0,0.0,1.0,0.0,0.0,0.0,0.0,1.0
0.8834743548167557,1.1686432128458866,0.6176965672773569,0.9781802533563,0.9285997637391019,1.5547872022613207,1.0717182387586144,-0.32015673027355657,-0.665149888490206,-1.311578471750175,0.0,0.0,0.0,1.0,0.0,0.0,0.0,0.0,1.0,0.0,0.0,0.0,0.0,1.0,0.0,0.0,0.0,0.0,1.0,0.0,0.0,0.0,0.0,1.0,0.0,0.0,0.0,0.0,1.0,0.0,0.0,0.0,0.0,1.0,0.0
0.8834743548167557,1.1686432128458866,0.6176965672773569,1.5219712494655562,1.1425980632016108,1.5547872022613207,1.0717182387586144,-0.32015673027355657,-0.665149888490206,-1.311578471750175,0.0,0.0,0.0,0.0,1.0,0.0,0.0,0.0,0.0,1.0,0.0,0.0,0.0,0.0,1.0,0.0,0.0,0.0,0.0,1.0,0.0,0.0,0.0,0.0,1.0,0.0,0.0,0.0,0.0,1.0,0.0,0.0,0.0,0.0,1.0
1.6682631904516485,1.1686432128458866,1.4169409546795568,0.6853697169897756,0.7509047472211255,0.2840215531898956,1.6617589842900886,-0.32015673027355657,-0.17152746401315389,-0.37186823785690803,0.0,0.0,0.0,1.0,0.0,0.0,0.0,0.0,1.0,0.0,0.0,0.0,0.0,1.0,0.0,0.0,0.0,0.0,1.0,0.0,0.0,0.0,0.0,1.0,0.0,0.0,0.0,0.0,1.0,0.0,0.0,0.0,0.0,1.0,0.0
1.6682631904516485,1.1686432128458866,1.369926578950012,0.6853697169897756,0.9362425601484772,1.5018386335500113,1.6617589842900886,-0.32015673027355657,-0.3689764338039749,-0.9983417271190861,0.0,0.0,0.0,1.0,0.0,0.0,0.0,0.0,1.0,0.0,0.0,0.0,0.0,1.0,0.0,0.0,0.0,0.0,1.0,0.0,0.0,0.0,0.0,1.0,0.0,0.0,0.0,0.0,1.0,0.0,0.0,0.0,0.0,1.0,0.0
1.6682631904516485,1.1686432128458866,1.4169409546795568,0.6853697169897756,0.8655466933617555,0.8135072403029894,0.9242080523757454,-1.2138457626322596,-0.3442953125801219,-1.1549600994346305,0.0,0.0,0.0,1.0,0.0,0.0,0.0,0.0,1.0,0.0,0.0,0.0,0.0,1.0,0.0,0.0,0.0,0.0,1.0,0.0,0.0,0.0,0.0,1.0,0.0,0.0,0.0,0.0,1.0,0.0,0.0,0.0,0.0,1.0,0.0
1.6682631904516485,1.1686432128458866,1.4169409546795568,0.6853697169897756,1.257240009342241,0.07222727834465804,-1.1778121035801363,0.4777799057610003,3.160423901206948,0.09798687908972549,0.0,0.0,0.0,1.0,0.0,0.0,0.0,0.0,1.0,0.0,0.0,0.0,0.0,1.0,0.0,0.0,0.0,0.0,1.0,0.0,0.0,0.0,0.0,1.0,0.0,0.0,0.0,0.0,1.0,0.0,0.0,0.0,0.0,1.0,0.0
1.6682631904516485,1.1686432128458866,1.4169409546795568,0.6853697169897756,0.961081648478947,0.2840215531898956,1.6617589842900886,-0.32015673027355657,-0.17152746401315389,-0.9983417271190861,0.0,0.0,0.0,1.0,0.0,0.0,0.0,0.0,1.0,0.0,0.0,0.0,0.0,1.0,0.0,0.0,0.0,0.0,1.0,0.0,0.0,0.0,0.0,1.0,0.0,0.0,0.0,0.0,1.0,0.0,0.0,0.0,0.0,1.0,0.0
